{
	"start":	{
		"connected":	[{
				"socket":	5,
				"local_host":	"127.0.0.1",
				"local_port":	4040,
				"remote_host":	"127.0.0.1",
				"remote_port":	39954
			}],
		"version":	"iperf 3.7",
		"system_info":	"Linux amir 5.8.0-53-generic #60~20.04.1-Ubuntu SMP Thu May 6 09:52:46 UTC 2021 x86_64",
		"target_bitrate":	5000000000,
		"sock_bufsize":	0,
		"sndbuf_actual":	16384,
		"rcvbuf_actual":	131072,
		"timestamp":	{
			"time":	"Mon, 31 May 2021 08:24:11 GMT",
			"timesecs":	1622449451
		},
		"accepted_connection":	{
			"host":	"127.0.0.1",
			"port":	39952
		},
		"cookie":	"ku423xxmcvswizxplkn7xhuxifpczmgtek3z",
		"tcp_mss_default":	0,
		"target_bitrate":	5000000000,
		"test_start":	{
			"protocol":	"TCP",
			"num_streams":	1,
			"blksize":	131072,
			"omit":	0,
			"duration":	10,
			"bytes":	0,
			"blocks":	0,
			"reverse":	0,
			"tos":	0
		}
	},
	"intervals":	[{
			"streams":	[{
					"socket":	5,
					"start":	0,
					"end":	1.000212,
					"seconds":	1.0002119541168213,
					"bytes":	624295830,
					"bits_per_second":	4993308287.751853,
					"omitted":	false,
					"sender":	false
				}],
			"sum":	{
				"start":	0,
				"end":	1.000212,
				"seconds":	1.0002119541168213,
				"bytes":	624295830,
				"bits_per_second":	4993308287.751853,
				"omitted":	false,
				"sender":	false
			}
		}, {
			"streams":	[{
					"socket":	5,
					"start":	1.000212,
					"end":	2.011352,
					"seconds":	1.011139988899231,
					"bytes":	239205022,
					"bits_per_second":	1892557110.7945876,
					"omitted":	false,
					"sender":	false
				}],
			"sum":	{
				"start":	1.000212,
				"end":	2.011352,
				"seconds":	1.011139988899231,
				"bytes":	239205022,
				"bits_per_second":	1892557110.7945876,
				"omitted":	false,
				"sender":	false
			}
		}, {
			"streams":	[{
					"socket":	5,
					"start":	2.011352,
					"end":	3.001062,
					"seconds":	0.98970997333526611,
					"bytes":	3736241,
					"bits_per_second":	30200693.945997786,
					"omitted":	false,
					"sender":	false
				}],
			"sum":	{
				"start":	2.011352,
				"end":	3.001062,
				"seconds":	0.98970997333526611,
				"bytes":	3736241,
				"bits_per_second":	30200693.945997786,
				"omitted":	false,
				"sender":	false
			}
		}, {
			"streams":	[{
					"socket":	5,
					"start":	3.001062,
					"end":	4.000815,
					"seconds":	0.99975299835205078,
					"bytes":	4063020,
					"bits_per_second":	32512190.564647906,
					"omitted":	false,
					"sender":	false
				}],
			"sum":	{
				"start":	3.001062,
				"end":	4.000815,
				"seconds":	0.99975299835205078,
				"bytes":	4063020,
				"bits_per_second":	32512190.564647906,
				"omitted":	false,
				"sender":	false
			}
		}, {
			"streams":	[{
					"socket":	5,
					"start":	4.000815,
					"end":	5.000795,
					"seconds":	0.99997997283935547,
					"bytes":	4390753,
					"bits_per_second":	35126727.488614328,
					"omitted":	false,
					"sender":	false
				}],
			"sum":	{
				"start":	4.000815,
				"end":	5.000795,
				"seconds":	0.99997997283935547,
				"bytes":	4390753,
				"bits_per_second":	35126727.488614328,
				"omitted":	false,
				"sender":	false
			}
		}, {
			"streams":	[{
					"socket":	5,
					"start":	5.000795,
					"end":	6.000162,
					"seconds":	0.99936699867248535,
					"bytes":	4391071,
					"bits_per_second":	35150818.514783084,
					"omitted":	false,
					"sender":	false
				}],
			"sum":	{
				"start":	5.000795,
				"end":	6.000162,
				"seconds":	0.99936699867248535,
				"bytes":	4391071,
				"bits_per_second":	35150818.514783084,
				"omitted":	false,
				"sender":	false
			}
		}, {
			"streams":	[{
					"socket":	5,
					"start":	6.000162,
					"end":	7.000491,
					"seconds":	1.0003290176391602,
					"bytes":	4653109,
					"bits_per_second":	37212628.388860554,
					"omitted":	false,
					"sender":	false
				}],
			"sum":	{
				"start":	6.000162,
				"end":	7.000491,
				"seconds":	1.0003290176391602,
				"bytes":	4653109,
				"bits_per_second":	37212628.388860554,
				"omitted":	false,
				"sender":	false
			}
		}, {
			"streams":	[{
					"socket":	5,
					"start":	7.000491,
					"end":	8.00038,
					"seconds":	0.99988901615142822,
					"bytes":	5112020,
					"bits_per_second":	40900699.317019477,
					"omitted":	false,
					"sender":	false
				}],
			"sum":	{
				"start":	7.000491,
				"end":	8.00038,
				"seconds":	0.99988901615142822,
				"bytes":	5112020,
				"bits_per_second":	40900699.317019477,
				"omitted":	false,
				"sender":	false
			}
		}, {
			"streams":	[{
					"socket":	5,
					"start":	8.00038,
					"end":	9.00064,
					"seconds":	1.0002599954605103,
					"bytes":	5374058,
					"bits_per_second":	42981289.059957534,
					"omitted":	false,
					"sender":	false
				}],
			"sum":	{
				"start":	8.00038,
				"end":	9.00064,
				"seconds":	1.0002599954605103,
				"bytes":	5374058,
				"bits_per_second":	42981289.059957534,
				"omitted":	false,
				"sender":	false
			}
		}, {
			"streams":	[{
					"socket":	5,
					"start":	9.00064,
					"end":	10.000735,
					"seconds":	1.000095009803772,
					"bytes":	5505024,
					"bits_per_second":	44036008.147507004,
					"omitted":	false,
					"sender":	false
				}],
			"sum":	{
				"start":	9.00064,
				"end":	10.000735,
				"seconds":	1.000095009803772,
				"bytes":	5505024,
				"bits_per_second":	44036008.147507004,
				"omitted":	false,
				"sender":	false
			}
		}, {
			"streams":	[{
					"socket":	5,
					"start":	10.000735,
					"end":	10.501228,
					"seconds":	0.50049299001693726,
					"bytes":	2752512,
					"bits_per_second":	43996812.021792382,
					"omitted":	false,
					"sender":	false
				}],
			"sum":	{
				"start":	10.000735,
				"end":	10.501228,
				"seconds":	0.50049299001693726,
				"bytes":	2752512,
				"bits_per_second":	43996812.021792382,
				"omitted":	false,
				"sender":	false
			}
		}],
	"end":	{
		"streams":	[{
				"sender":	{
					"socket":	5,
					"start":	0,
					"end":	10.501228,
					"seconds":	10.501228,
					"bytes":	0,
					"bits_per_second":	0,
					"sender":	false
				},
				"receiver":	{
					"socket":	5,
					"start":	0,
					"end":	10.501228,
					"seconds":	10.501228,
					"bytes":	903478660,
					"bits_per_second":	688284196.857739,
					"sender":	false
				}
			}],
		"sum_sent":	{
			"start":	0,
			"end":	10.501228,
			"seconds":	10.501228,
			"bytes":	0,
			"bits_per_second":	0,
			"sender":	false
		},
		"sum_received":	{
			"start":	0,
			"end":	10.501228,
			"seconds":	10.501228,
			"bytes":	903478660,
			"bits_per_second":	688284196.857739,
			"sender":	false
		},
		"cpu_utilization_percent":	{
			"host_total":	3.6625985221111796,
			"host_user":	0.3742951591847703,
			"host_system":	3.2883033629264089,
			"remote_total":	0,
			"remote_user":	0,
			"remote_system":	0
		},
		"receiver_tcp_congestion":	"cubic"
	}
}
