{
	"start":	{
		"connected":	[{
				"socket":	5,
				"local_host":	"127.0.0.1",
				"local_port":	4040,
				"remote_host":	"127.0.0.1",
				"remote_port":	37730
			}],
		"version":	"iperf 3.7",
		"system_info":	"Linux amir 5.8.0-53-generic #60~20.04.1-Ubuntu SMP Thu May 6 09:52:46 UTC 2021 x86_64",
		"target_bitrate":	5000000000,
		"timestamp":	{
			"time":	"Mon, 31 May 2021 10:49:21 GMT",
			"timesecs":	1622458161
		},
		"accepted_connection":	{
			"host":	"127.0.0.1",
			"port":	40780
		},
		"cookie":	"lmbe7henqkbbn6754eb43kjs47gwvzzc7q4p",
		"sock_bufsize":	0,
		"sndbuf_actual":	212992,
		"rcvbuf_actual":	212992,
		"test_start":	{
			"protocol":	"UDP",
			"num_streams":	1,
			"blksize":	32768,
			"omit":	0,
			"duration":	10,
			"bytes":	0,
			"blocks":	0,
			"reverse":	0,
			"tos":	0
		}
	},
	"intervals":	[{
			"streams":	[{
					"socket":	5,
					"start":	0,
					"end":	1.000055,
					"seconds":	1.0000549554824829,
					"bytes":	384106496,
					"bits_per_second":	3072683107.2173257,
					"jitter_ms":	0.0055573381143542676,
					"lost_packets":	1170,
					"packets":	12892,
					"lost_percent":	9.0753955941669258,
					"omitted":	false,
					"sender":	false
				}],
			"sum":	{
				"start":	0,
				"end":	1.000055,
				"seconds":	1.0000549554824829,
				"bytes":	384106496,
				"bits_per_second":	3072683107.2173257,
				"jitter_ms":	0.0055573381143542676,
				"lost_packets":	1170,
				"packets":	12892,
				"lost_percent":	9.0753955941669258,
				"omitted":	false,
				"sender":	false
			}
		}, {
			"streams":	[{
					"socket":	5,
					"start":	1.000055,
					"end":	2.003809,
					"seconds":	1.0037540197372437,
					"bytes":	187826176,
					"bits_per_second":	1496989679.1978412,
					"jitter_ms":	5.0459982326620763,
					"lost_packets":	176,
					"packets":	5908,
					"lost_percent":	2.9790115098171972,
					"omitted":	false,
					"sender":	false
				}],
			"sum":	{
				"start":	1.000055,
				"end":	2.003809,
				"seconds":	1.0037540197372437,
				"bytes":	187826176,
				"bits_per_second":	1496989679.1978412,
				"jitter_ms":	5.0459982326620763,
				"lost_packets":	176,
				"packets":	5908,
				"lost_percent":	2.9790115098171972,
				"omitted":	false,
				"sender":	false
			}
		}, {
			"streams":	[{
					"socket":	5,
					"start":	2.003809,
					"end":	3.020627,
					"seconds":	1.0168180465698242,
					"bytes":	23953408,
					"bits_per_second":	188457772.4072102,
					"jitter_ms":	4.351242172734695,
					"lost_packets":	1020,
					"packets":	1751,
					"lost_percent":	58.252427184466022,
					"omitted":	false,
					"sender":	false
				}],
			"sum":	{
				"start":	2.003809,
				"end":	3.020627,
				"seconds":	1.0168180465698242,
				"bytes":	23953408,
				"bits_per_second":	188457772.4072102,
				"jitter_ms":	4.351242172734695,
				"lost_packets":	1020,
				"packets":	1751,
				"lost_percent":	58.252427184466022,
				"omitted":	false,
				"sender":	false
			}
		}, {
			"streams":	[{
					"socket":	5,
					"start":	3.020627,
					"end":	4.000237,
					"seconds":	0.979610025882721,
					"bytes":	18120704,
					"bits_per_second":	147983001.57184723,
					"jitter_ms":	5.5307807347753863,
					"lost_packets":	1246,
					"packets":	1799,
					"lost_percent":	69.260700389105054,
					"omitted":	false,
					"sender":	false
				}],
			"sum":	{
				"start":	3.020627,
				"end":	4.000237,
				"seconds":	0.979610025882721,
				"bytes":	18120704,
				"bits_per_second":	147983001.57184723,
				"jitter_ms":	5.5307807347753863,
				"lost_packets":	1246,
				"packets":	1799,
				"lost_percent":	69.260700389105054,
				"omitted":	false,
				"sender":	false
			}
		}, {
			"streams":	[{
					"socket":	5,
					"start":	4.000237,
					"end":	5.000238,
					"seconds":	1.0000009536743164,
					"bytes":	46563328,
					"bits_per_second":	372506268.75033879,
					"jitter_ms":	0.059162203382020329,
					"lost_packets":	41291,
					"packets":	42712,
					"lost_percent":	96.673066117250428,
					"omitted":	false,
					"sender":	false
				}],
			"sum":	{
				"start":	4.000237,
				"end":	5.000238,
				"seconds":	1.0000009536743164,
				"bytes":	46563328,
				"bits_per_second":	372506268.75033879,
				"jitter_ms":	0.059162203382020329,
				"lost_packets":	41291,
				"packets":	42712,
				"lost_percent":	96.673066117250428,
				"omitted":	false,
				"sender":	false
			}
		}, {
			"streams":	[{
					"socket":	5,
					"start":	5.000238,
					"end":	6.000122,
					"seconds":	0.99988400936126709,
					"bytes":	50298880,
					"bits_per_second":	402437719.008078,
					"jitter_ms":	0.067559146640424936,
					"lost_packets":	37381,
					"packets":	38916,
					"lost_percent":	96.0556069482989,
					"omitted":	false,
					"sender":	false
				}],
			"sum":	{
				"start":	5.000238,
				"end":	6.000122,
				"seconds":	0.99988400936126709,
				"bytes":	50298880,
				"bits_per_second":	402437719.008078,
				"jitter_ms":	0.067559146640424936,
				"lost_packets":	37381,
				"packets":	38916,
				"lost_percent":	96.0556069482989,
				"omitted":	false,
				"sender":	false
			}
		}, {
			"streams":	[{
					"socket":	5,
					"start":	6.000122,
					"end":	7.000603,
					"seconds":	1.0004810094833374,
					"bytes":	47579136,
					"bits_per_second":	380450087.89978367,
					"jitter_ms":	0.033572362735627304,
					"lost_packets":	17638,
					"packets":	19090,
					"lost_percent":	92.393923520167633,
					"omitted":	false,
					"sender":	false
				}],
			"sum":	{
				"start":	6.000122,
				"end":	7.000603,
				"seconds":	1.0004810094833374,
				"bytes":	47579136,
				"bits_per_second":	380450087.89978367,
				"jitter_ms":	0.033572362735627304,
				"lost_packets":	17638,
				"packets":	19090,
				"lost_percent":	92.393923520167633,
				"omitted":	false,
				"sender":	false
			}
		}, {
			"streams":	[{
					"socket":	5,
					"start":	7.000603,
					"end":	8.000049,
					"seconds":	0.99944597482681274,
					"bytes":	54165504,
					"bits_per_second":	433564237.50176972,
					"jitter_ms":	0.036109592668961951,
					"lost_packets":	17441,
					"packets":	19094,
					"lost_percent":	91.342830208442436,
					"omitted":	false,
					"sender":	false
				}],
			"sum":	{
				"start":	7.000603,
				"end":	8.000049,
				"seconds":	0.99944597482681274,
				"bytes":	54165504,
				"bits_per_second":	433564237.50176972,
				"jitter_ms":	0.036109592668961951,
				"lost_packets":	17441,
				"packets":	19094,
				"lost_percent":	91.342830208442436,
				"omitted":	false,
				"sender":	false
			}
		}, {
			"streams":	[{
					"socket":	5,
					"start":	8.000049,
					"end":	9.000275,
					"seconds":	1.0002260208129883,
					"bytes":	46366720,
					"bits_per_second":	370849940.19502044,
					"jitter_ms":	0.02067533463297528,
					"lost_packets":	17677,
					"packets":	19092,
					"lost_percent":	92.588518751309451,
					"omitted":	false,
					"sender":	false
				}],
			"sum":	{
				"start":	8.000049,
				"end":	9.000275,
				"seconds":	1.0002260208129883,
				"bytes":	46366720,
				"bits_per_second":	370849940.19502044,
				"jitter_ms":	0.02067533463297528,
				"lost_packets":	17677,
				"packets":	19092,
				"lost_percent":	92.588518751309451,
				"omitted":	false,
				"sender":	false
			}
		}, {
			"streams":	[{
					"socket":	5,
					"start":	9.000275,
					"end":	10.000127,
					"seconds":	0.99985200166702271,
					"bytes":	53215232,
					"bits_per_second":	425784871.45118171,
					"jitter_ms":	0.038667677138719235,
					"lost_packets":	17463,
					"packets":	19087,
					"lost_percent":	91.49159113532771,
					"omitted":	false,
					"sender":	false
				}],
			"sum":	{
				"start":	9.000275,
				"end":	10.000127,
				"seconds":	0.99985200166702271,
				"bytes":	53215232,
				"bits_per_second":	425784871.45118171,
				"jitter_ms":	0.038667677138719235,
				"lost_packets":	17463,
				"packets":	19087,
				"lost_percent":	91.49159113532771,
				"omitted":	false,
				"sender":	false
			}
		}, {
			"streams":	[{
					"socket":	5,
					"start":	10.000127,
					"end":	10.707271,
					"seconds":	0.707144021987915,
					"bytes":	10846208,