{
	"start":	{
		"connected":	[{
				"socket":	5,
				"local_host":	"127.0.0.1",
				"local_port":	37106,
				"remote_host":	"127.0.0.1",
				"remote_port":	4040
			}],
		"version":	"iperf 3.7",
		"system_info":	"Linux amir 5.8.0-53-generic #60~20.04.1-Ubuntu SMP Thu May 6 09:52:46 UTC 2021 x86_64",
		"timestamp":	{
			"time":	"Mon, 31 May 2021 10:43:45 GMT",
			"timesecs":	1622457825
		},
		"connecting_to":	{
			"host":	"127.0.0.1",
			"port":	4040
		},
		"cookie":	"oigq6al73dmir4qhsw35mkxuwqbj6nzl4lgb",
		"sock_bufsize":	0,
		"sndbuf_actual":	212992,
		"rcvbuf_actual":	212992,
		"test_start":	{
			"protocol":	"UDP",
			"num_streams":	1,
			"blksize":	32768,
			"omit":	0,
			"duration":	10,
			"bytes":	0,
			"blocks":	0,
			"reverse":	0,
			"tos":	0
		}
	},
	"intervals":	[{
			"streams":	[{
					"socket":	5,
					"start":	0,
					"end":	1.00002,
					"seconds":	1.0000200271606445,
					"bytes":	624885760,
					"bits_per_second":	4998985964.5050287,
					"packets":	19070,
					"omitted":	false,
					"sender":	true
				}],
			"sum":	{
				"start":	0,
				"end":	1.00002,
				"seconds":	1.0000200271606445,
				"bytes":	624885760,
				"bits_per_second":	4998985964.5050287,
				"packets":	19070,
				"omitted":	false,
				"sender":	true
			}
		}, {
			"streams":	[{
					"socket":	5,
					"start":	1.00002,
					"end":	2.006048,
					"seconds":	1.0060280561447144,
					"bytes":	623673344,
					"bits_per_second":	4959490663.82925,
					"packets":	19033,
					"omitted":	false,
					"sender":	true
				}],
			"sum":	{
				"start":	1.00002,
				"end":	2.006048,
				"seconds":	1.0060280561447144,
				"bytes":	623673344,
				"bits_per_second":	4959490663.82925,
				"packets":	19033,
				"omitted":	false,
				"sender":	true
			}
		}, {
			"streams":	[{
					"socket":	5,
					"start":	2.006048,
					"end":	3.000015,
					"seconds":	0.99396699666976929,
					"bytes":	625147904,
					"bits_per_second":	5031538520.6512728,
					"packets":	19078,
					"omitted":	false,
					"sender":	true
				}],
			"sum":	{
				"start":	2.006048,
				"end":	3.000015,
				"seconds":	0.99396699666976929,
				"bytes":	625147904,
				"bits_per_second":	5031538520.6512728,
				"packets":	19078,
				"omitted":	false,
				"sender":	true
			}
		}, {
			"streams":	[{
					"socket":	5,
					"start":	3.000015,
					"end":	4.0001,
					"seconds":	1.0000849962234497,
					"bytes":	625999872,
					"bits_per_second":	5007573351.1765022,
					"packets":	19104,
					"omitted":	false,
					"sender":	true
				}],
			"sum":	{
				"start":	3.000015,
				"end":	4.0001,
				"seconds":	1.0000849962234497,
				"bytes":	625999872,
				"bits_per_second":	5007573351.1765022,
				"packets":	19104,
				"omitted":	false,
				"sender":	true
			}
		}, {
			"streams":	[{
					"socket":	5,
					"start":	4.0001,
					"end":	5.000078,
					"seconds":	0.99997800588607788,
					"bytes":	625049600,
					"bits_per_second":	5000506781.7158251,
					"packets":	19075,
					"omitted":	false,
					"sender":	true
				}],
			"sum":	{
				"start":	4.0001,
				"end":	5.000078,
				"seconds":	0.99997800588607788,
				"bytes":	625049600,
				"bits_per_second":	5000506781.7158251,
				"packets":	19075,
				"omitted":	false,
				"sender":	true
			}
		}, {
			"streams":	[{
					"socket":	5,
					"start":	5.000078,
					"end":	6.000096,
					"seconds":	1.0000180006027222,
					"bytes":	624951296,
					"bits_per_second":	4999520373.6199532,
					"packets":	19072,
					"omitted":	false,
					"sender":	true
				}],
			"sum":	{
				"start":	5.000078,
				"end":	6.000096,
				"seconds":	1.0000180006027222,
				"bytes":	624951296,
				"bits_per_second":	4999520373.6199532,
				"packets":	19072,
				"omitted":	false,
				"sender":	true
			}
		}, {
			"streams":	[{
					"socket":	5,
					"start":	6.000096,
					"end":	7.000758,
					"seconds":	1.0006619691848755,
					"bytes":	624885760,
					"bits_per_second":	4995779028.2288656,
					"packets":	19070,
					"omitted":	false,
					"sender":	true
				}],
			"sum":	{
				"start":	6.000096,
				"end":	7.000758,
				"seconds":	1.0006619691848755,
				"bytes":	624885760,
				"bits_per_second":	4995779028.2288656,
				"packets":	19070,
				"omitted":	false,
				"sender":	true
			}
		}, {
			"streams":	[{
					"socket":	5,
					"start":	7.000758,
					"end":	8.000092,
					"seconds":	0.99933397769927979,
					"bytes":	624656384,
					"bits_per_second":	5000581570.8427515,
					"packets":	19063,
					"omitted":	false,
					"sender":	true
				}],
			"sum":	{
				"start":	7.000758,
				"end":	8.000092,
				"seconds":	0.99933397769927979,
				"bytes":	624656384,
				"bits_per_second":	5000581570.8427515,
				"packets":	19063,
				"omitted":	false,
				"sender":	true
			}
		}, {
			"streams":	[{
					"socket":	5,
					"start":	8.000092,
					"end":	9.000032,
					"seconds":	0.99993997812271118,
					"bytes":	625213440,
					"bits_per_second":	5002007749.8953619,
					"packets":	19080,
					"omitted":	false,
					"sender":	true
				}],
			"sum":	{
				"start":	8.000092,
				"end":	9.000032,
				"seconds":	0.99993997812271118,
				"bytes":	625213440,
				"bits_per_second":	5002007749.8953619,
				"packets":	19080,
				"omitted":	false,
				"sender":	true
			}
		}, {
			"streams":	[{
					"socket":	5,
					"start":	9.000032,
					"end":	10.000855,
					"seconds":	1.0008230209350586,
					"bytes":	625475584,
					"bits_per_second":	4999689822.6071949,
					"packets":	19088,
					"omitted":	false,
					"sender":	true
				}],
			"sum":	{
				"start":	9.000032,
				"end":	10.000855,
				"seconds":	1.0008230209350586,
				"bytes":	625475584,
				"bits_per_second":	4999689822.6071949,
				"packets":	19088,
				"omitted":	false,
				"sender":	true
			}
		}],
	"end":	{
		"streams":	[{
				"udp":	{
					"socket":	5,
					"start":	0,
					"end":	10.000855,
					"seconds":	10.000855,
					"bytes":	6249938944,
					"bits_per_second":	4999523695.9239988,
					"jitter_ms":	0.019237518451946156,
					"lost_packets":	5707,
					"packets":	190733,
					"lost_percent":	2.99214084610424,
					"out_of_order":	0,
					"sender":	true
				}
			}],
		"sum":	{
			"start":	0,
			"end":	10.000961,
			"seconds":	10.000961,
			"bytes":	6249938944,
			"bits_per_second":	4999523695.9239988,
			"jitter_ms":	0.019237518451946156,
			"lost_packets":	5707,
			"packets":	190733,
			"lost_percent":	2.99214084610424,
			"sender":	true
		},
		"cpu_utilization_percent":	{
			"host_total":	60.267268332518832,
			"host_user":	0.89714985230965627,
			"host_system":	59.370108482216764,
			"remote_total":	24.040506616027091,
			"remote_user":	3.3947099884337835,
			"remote_system":	20.645788907518288
		}
	}
}
