{
	"start":	{
		"connected":	[{
				"socket":	5,
				"local_host":	"127.0.0.1",
				"local_port":	57083,
				"remote_host":	"127.0.0.1",
				"remote_port":	4040
			}],
		"version":	"iperf 3.7",
		"system_info":	"Linux amir 5.8.0-53-generic #60~20.04.1-Ubuntu SMP Thu May 6 09:52:46 UTC 2021 x86_64",
		"timestamp":	{
			"time":	"Mon, 31 May 2021 11:09:23 GMT",
			"timesecs":	1622459363
		},
		"connecting_to":	{
			"host":	"127.0.0.1",
			"port":	4040
		},
		"cookie":	"lgvql4u7mbqokccx45y6moxn2xdjfkfbbnbt",
		"sock_bufsize":	0,
		"sndbuf_actual":	212992,
		"rcvbuf_actual":	212992,
		"test_start":	{
			"protocol":	"UDP",
			"num_streams":	1,
			"blksize":	32768,
			"omit":	0,
			"duration":	10,
			"bytes":	0,
			"blocks":	0,
			"reverse":	0,
			"tos":	0
		}
	},
	"intervals":	[{
			"streams":	[{
					"socket":	5,
					"start":	0,
					"end":	1.000016,
					"seconds":	1.0000159740447998,
					"bytes":	624525312,
					"bits_per_second":	4996122687.7123613,
					"packets":	19059,
					"omitted":	false,
					"sender":	true
				}],
			"sum":	{
				"start":	0,
				"end":	1.000016,
				"seconds":	1.0000159740447998,
				"bytes":	624525312,
				"bits_per_second":	4996122687.7123613,
				"packets":	19059,
				"omitted":	false,
				"sender":	true
			}
		}, {
			"streams":	[{
					"socket":	5,
					"start":	1.000016,
					"end":	2.000051,
					"seconds":	1.0000350475311279,
					"bytes":	624721920,
					"bits_per_second":	4997600206.4512,
					"packets":	19065,
					"omitted":	false,
					"sender":	true
				}],
			"sum":	{
				"start":	1.000016,
				"end":	2.000051,
				"seconds":	1.0000350475311279,
				"bytes":	624721920,
				"bits_per_second":	4997600206.4512,
				"packets":	19065,
				"omitted":	false,
				"sender":	true
			}
		}, {
			"streams":	[{
					"socket":	5,
					"start":	2.000051,
					"end":	3.000082,
					"seconds":	1.0000309944152832,
					"bytes":	625082368,
					"bits_per_second":	5000503956.3037529,
					"packets":	19076,
					"omitted":	false,
					"sender":	true
				}],
			"sum":	{
				"start":	2.000051,
				"end":	3.000082,
				"seconds":	1.0000309944152832,
				"bytes":	625082368,
				"bits_per_second":	5000503956.3037529,
				"packets":	19076,
				"omitted":	false,
				"sender":	true
			}
		}, {
			"streams":	[{
					"socket":	5,
					"start":	3.000082,
					"end":	4.000063,
					"seconds":	0.99998098611831665,
					"bytes":	624918528,
					"bits_per_second":	4999443282.8230619,
					"packets":	19071,
					"omitted":	false,
					"sender":	true
				}],
			"sum":	{
				"start":	3.000082,
				"end":	4.000063,
				"seconds":	0.99998098611831665,
				"bytes":	624918528,
				"bits_per_second":	4999443282.8230619,
				"packets":	19071,
				"omitted":	false,
				"sender":	true
			}
		}, {
			"streams":	[{
					"socket":	5,
					"start":	4.000063,
					"end":	5.000795,
					"seconds":	1.0007319450378418,
					"bytes":	625541120,
					"bits_per_second":	5000668745.3259678,
					"packets":	19090,
					"omitted":	false,
					"sender":	true
				}],
			"sum":	{
				"start":	4.000063,
				"end":	5.000795,
				"seconds":	1.0007319450378418,
				"bytes":	625541120,
				"bits_per_second":	5000668745.3259678,
				"packets":	19090,
				"omitted":	false,
				"sender":	true
			}
		}, {
			"streams":	[{
					"socket":	5,
					"start":	5.000795,
					"end":	6.000014,
					"seconds":	0.99921900033950806,
					"bytes":	625016832,
					"bits_per_second":	5004042811.7370539,
					"packets":	19074,
					"omitted":	false,
					"sender":	true
				}],
			"sum":	{
				"start":	5.000795,
				"end":	6.000014,
				"seconds":	0.99921900033950806,
				"bytes":	625016832,
				"bits_per_second":	5004042811.7370539,
				"packets":	19074,
				"omitted":	false,
				"sender":	true
			}
		}, {
			"streams":	[{
					"socket":	5,
					"start":	6.000014,
					"end":	7.000023,
					"seconds":	1.0000089406967163,
					"bytes":	625180672,
					"bits_per_second":	5001400659.9935427,
					"packets":	19079,
					"omitted":	false,
					"sender":	true
				}],
			"sum":	{
				"start":	6.000014,
				"end":	7.000023,
				"seconds":	1.0000089406967163,
				"bytes":	625180672,
				"bits_per_second":	5001400659.9935427,
				"packets":	19079,
				"omitted":	false,
				"sender":	true
			}
		}, {
			"streams":	[{
					"socket":	5,
					"start":	7.000023,
					"end":	8.00007,
					"seconds":	1.000046968460083,
					"bytes":	624230400,
					"bits_per_second":	4993608657.8910818,
					"packets":	19050,
					"omitted":	false,
					"sender":	true
				}],
			"sum":	{
				"start":	7.000023,
				"end":	8.00007,
				"seconds":	1.000046968460083,
				"bytes":	624230400,
				"bits_per_second":	4993608657.8910818,
				"packets":	19050,
				"omitted":	false,
				"sender":	true
			}
		}, {
			"streams":	[{
					"socket":	5,
					"start":	8.00007,
					"end":	9.000021,
					"seconds":	0.99995100498199463,
					"bytes":	625442816,
					"bits_per_second":	5003787688.667901,
					"packets":	19087,
					"omitted":	false,
					"sender":	true
				}],
			"sum":	{
				"start":	8.00007,
				"end":	9.000021,
				"seconds":	0.99995100498199463,
				"bytes":	625442816,
				"bits_per_second":	5003787688.667901,
				"packets":	19087,
				"omitted":	false,
				"sender":	true
			}
		}, {
			"streams":	[{
					"socket":	5,
					"start":	9.000021,
					"end":	10.000042,
					"seconds":	1.0000209808349609,
					"bytes":	625115136,
					"bits_per_second":	5000816166.7013369,
					"packets":	19077,
					"omitted":	false,
					"sender":	true
				}],
			"sum":	{
				"start":	9.000021,
				"end":	10.000042,
				"seconds":	1.0000209808349609,
				"bytes":	625115136,
				"bits_per_second":	5000816166.7013369,
				"packets":	19077,
				"omitted":	false,
				"sender":	true
			}
		}],
	"end":	{
		"streams":	[{
				"udp":	{
					"socket":	5,
					"start":	0,
					"end":	10.000042,
					"seconds":	10.000042,
					"bytes":	6249775104,
					"bits_per_second":	4999799084.0438471,
					"jitter_ms":	0.029567683707278091,
					"lost_packets":	12419,
					"packets":	190728,
					"lost_percent":	6.5113669728618762,
					"out_of_order":	0,
					"sender":	true
				}
			}],
		"sum":	{
			"start":	0,
			"end":	10.000093,
			"seconds":	10.000093,
			"bytes":	6249775104,
			"bits_per_second":	4999799084.0438471,
			"jitter_ms":	0.029567683707278091,
			"lost_packets":	12419,
			"packets":	190728,
			"lost_percent":	6.5113669728618762,
			"sender":	true
		},
		"cpu_utilization_percent":	{
			"host_total":	56.75241857834208,
			"host_user":	0.950208225813767,
			"host_system":	55.802230332935522,
			"remote_total":	24.628249072438567,
			"remote_user":	2.8552577045148486,
			"remote_system":	21.772983090374858
		}
	}
}
