{
	"start":	{
		"connected":	[{
				"socket":	5,
				"local_host":	"127.0.0.1",
				"local_port":	47803,
				"remote_host":	"127.0.0.1",
				"remote_port":	4040
			}],
		"version":	"iperf 3.7",
		"system_info":	"Linux amir 5.8.0-53-generic #60~20.04.1-Ubuntu SMP Thu May 6 09:52:46 UTC 2021 x86_64",
		"timestamp":	{
			"time":	"Mon, 31 May 2021 10:57:53 GMT",
			"timesecs":	1622458673
		},
		"connecting_to":	{
			"host":	"127.0.0.1",
			"port":	4040
		},
		"cookie":	"hlqtvjlwomn3rzquqoudoq2avwew5rrmiy7q",
		"sock_bufsize":	0,
		"sndbuf_actual":	212992,
		"rcvbuf_actual":	212992,
		"test_start":	{
			"protocol":	"UDP",
			"num_streams":	1,
			"blksize":	32768,
			"omit":	0,
			"duration":	10,
			"bytes":	0,
			"blocks":	0,
			"reverse":	0,
			"tos":	0
		}
	},
	"intervals":	[{
			"streams":	[{
					"socket":	5,
					"start":	0,
					"end":	1.000008,
					"seconds":	1.0000079870224,
					"bytes":	558235648,
					"bits_per_second":	4465849515.1598883,
					"packets":	17036,
					"omitted":	false,
					"sender":	true
				}],
			"sum":	{
				"start":	0,
				"end":	1.000008,
				"seconds":	1.0000079870224,
				"bytes":	558235648,
				"bits_per_second":	4465849515.1598883,
				"packets":	17036,
				"omitted":	false,
				"sender":	true
			}
		}, {
			"streams":	[{
					"socket":	5,
					"start":	1.000008,
					"end":	2.011273,
					"seconds":	1.0112650394439697,
					"bytes":	574783488,
					"bits_per_second":	4547045259.7948952,
					"packets":	17541,
					"omitted":	false,
					"sender":	true
				}],
			"sum":	{
				"start":	1.000008,
				"end":	2.011273,
				"seconds":	1.0112650394439697,
				"bytes":	574783488,
				"bits_per_second":	4547045259.7948952,
				"packets":	17541,
				"omitted":	false,
				"sender":	true
			}
		}, {
			"streams":	[{
					"socket":	5,
					"start":	2.011273,
					"end":	3.000015,
					"seconds":	0.98874199390411377,
					"bytes":	507478016,
					"bits_per_second":	4106050064.6579332,
					"packets":	15487,
					"omitted":	false,
					"sender":	true
				}],
			"sum":	{
				"start":	2.011273,
				"end":	3.000015,
				"seconds":	0.98874199390411377,
				"bytes":	507478016,
				"bits_per_second":	4106050064.6579332,
				"packets":	15487,
				"omitted":	false,
				"sender":	true
			}
		}, {
			"streams":	[{
					"socket":	5,
					"start":	3.000015,
					"end":	4.000655,
					"seconds":	1.0006400346755981,
					"bytes":	858914816,
					"bits_per_second":	6866923458.871644,
					"packets":	26212,
					"omitted":	false,
					"sender":	true
				}],
			"sum":	{
				"start":	3.000015,
				"end":	4.000655,
				"seconds":	1.0006400346755981,
				"bytes":	858914816,
				"bits_per_second":	6866923458.871644,
				"packets":	26212,
				"omitted":	false,
				"sender":	true
			}
		}, {
			"streams":	[{
					"socket":	5,
					"start":	4.000655,
					"end":	5.000337,
					"seconds":	0.99968200922012329,
					"bytes":	625016832,
					"bits_per_second":	5001725158.4838753,
					"packets":	19074,
					"omitted":	false,
					"sender":	true
				}],
			"sum":	{
				"start":	4.000655,
				"end":	5.000337,
				"seconds":	0.99968200922012329,
				"bytes":	625016832,
				"bits_per_second":	5001725158.4838753,
				"packets":	19074,
				"omitted":	false,
				"sender":	true
			}
		}, {
			"streams":	[{
					"socket":	5,
					"start":	5.000337,
					"end":	6.00068,
					"seconds":	1.0003429651260376,
					"bytes":	625278976,
					"bits_per_second":	5000516805.1236773,
					"packets":	19082,
					"omitted":	false,
					"sender":	true
				}],
			"sum":	{
				"start":	5.000337,
				"end":	6.00068,
				"seconds":	1.0003429651260376,
				"bytes":	625278976,
				"bits_per_second":	5000516805.1236773,
				"packets":	19082,
				"omitted":	false,
				"sender":	true
			}
		}, {
			"streams":	[{
					"socket":	5,
					"start":	6.00068,
					"end":	7.000178,
					"seconds":	0.99949800968170166,
					"bytes":	624820224,
					"bits_per_second":	5001072281.8666077,
					"packets":	19068,
					"omitted":	false,
					"sender":	true
				}],
			"sum":	{
				"start":	6.00068,
				"end":	7.000178,
				"seconds":	0.99949800968170166,
				"bytes":	624820224,
				"bits_per_second":	5001072281.8666077,
				"packets":	19068,
				"omitted":	false,
				"sender":	true
			}
		}, {
			"streams":	[{
					"socket":	5,
					"start":	7.000178,
					"end":	8.000192,
					"seconds":	1.0000139474868774,
					"bytes":	625016832,
					"bits_per_second":	5000064917.6601744,
					"packets":	19074,
					"omitted":	false,
					"sender":	true
				}],
			"sum":	{
				"start":	7.000178,
				"end":	8.000192,
				"seconds":	1.0000139474868774,
				"bytes":	625016832,
				"bits_per_second":	5000064917.6601744,
				"packets":	19074,
				"omitted":	false,
				"sender":	true
			}
		}, {
			"streams":	[{
					"socket":	5,
					"start":	8.000192,
					"end":	9.000149,
					"seconds":	0.99995702505111694,
					"bytes":	625213440,
					"bits_per_second":	5001922477.3627815,
					"packets":	19080,
					"omitted":	false,
					"sender":	true
				}],
			"sum":	{
				"start":	8.000192,
				"end":	9.000149,
				"seconds":	0.99995702505111694,
				"bytes":	625213440,
				"bits_per_second":	5001922477.3627815,
				"packets":	19080,
				"omitted":	false,
				"sender":	true
			}
		}, {
			"streams":	[{
					"socket":	5,
					"start":	9.000149,
					"end":	10.000029,
					"seconds":	0.99988001585006714,
					"bytes":	624787456,
					"bits_per_second":	4998899436.6995125,
					"packets":	19067,
					"omitted":	false,
					"sender":	true
				}],
			"sum":	{
				"start":	9.000149,
				"end":	10.000029,
				"seconds":	0.99988001585006714,
				"bytes":	624787456,
				"bits_per_second":	4998899436.6995125,
				"packets":	19067,
				"omitted":	false,
				"sender":	true
			}
		}],
	"end":	{
		"streams":	[{
				"udp":	{
					"socket":	5,
					"start":	0,
					"end":	10.000029,
					"seconds":	10.000029,
					"bytes":	6249545728,
					"bits_per_second":	4999622083.4959583,
					"jitter_ms":	91.064080230730013,
					"lost_packets":	142036,
					"packets":	190721,
					"lost_percent":	74.47318334111084,
					"out_of_order":	0,
					"sender":	true
				}
			}],
		"sum":	{
			"start":	0,
			"end":	10.716498,
			"seconds":	10.716498,
			"bytes":	6249545728,
			"bits_per_second":	4999622083.4959583,
			"jitter_ms":	91.064080230730013,
			"lost_packets":	142036,
			"packets":	190721,
			"lost_percent":	74.47318334111084,
			"sender":	true
		},
		"cpu_utilization_percent":	{
			"host_total":	48.81546253086961,
			"host_user":	2.3119095383039174,
			"host_system":	46.503532997672394,
			"remote_total":	7.9835365148164961,
			"remote_user":	0.8339179184431923,
			"remote_system":	7.1496037056466673
		}
	}
}
