{
	"start":	{
		"connected":	[{
				"socket":	5,
				"local_host":	"127.0.0.1",
				"local_port":	4040,
				"remote_host":	"127.0.0.1",
				"remote_port":	47803
			}],
		"version":	"iperf 3.7",
		"system_info":	"Linux amir 5.8.0-53-generic #60~20.04.1-Ubuntu SMP Thu May 6 09:52:46 UTC 2021 x86_64",
		"target_bitrate":	5000000000,
		"timestamp":	{
			"time":	"Mon, 31 May 2021 10:57:53 GMT",
			"timesecs":	1622458673
		},
		"accepted_connection":	{
			"host":	"127.0.0.1",
			"port":	40826
		},
		"cookie":	"hlqtvjlwomn3rzquqoudoq2avwew5rrmiy7q",
		"sock_bufsize":	0,
		"sndbuf_actual":	212992,
		"rcvbuf_actual":	212992,
		"test_start":	{
			"protocol":	"UDP",
			"num_streams":	1,
			"blksize":	32768,
			"omit":	0,
			"duration":	10,
			"bytes":	0,
			"blocks":	0,
			"reverse":	0,
			"tos":	0
		}
	},
	"intervals":	[{
			"streams":	[{
					"socket":	5,
					"start":	0,
					"end":	1.000032,
					"seconds":	1.0000319480895996,
					"bytes":	551976960,
					"bits_per_second":	4415674607.6319923,
					"jitter_ms":	0.0027741709490242167,
					"lost_packets":	174,
					"packets":	17019,
					"lost_percent":	1.0223867442270405,
					"omitted":	false,
					"sender":	false
				}],
			"sum":	{
				"start":	0,
				"end":	1.000032,
				"seconds":	1.0000319480895996,
				"bytes":	551976960,
				"bits_per_second":	4415674607.6319923,
				"jitter_ms":	0.0027741709490242167,
				"lost_packets":	174,
				"packets":	17019,
				"lost_percent":	1.0223867442270405,
				"omitted":	false,
				"sender":	false
			}
		}, {
			"streams":	[{
					"socket":	5,
					"start":	1.000032,
					"end":	2.000069,
					"seconds":	1.0000369548797607,
					"bytes":	526778368,
					"bits_per_second":	4214071213.5050015,
					"jitter_ms":	36.5363984768464,
					"lost_packets":	1467,
					"packets":	17543,
					"lost_percent":	8.3623097531779056,
					"omitted":	false,
					"sender":	false
				}],
			"sum":	{
				"start":	1.000032,
				"end":	2.000069,
				"seconds":	1.0000369548797607,
				"bytes":	526778368,
				"bits_per_second":	4214071213.5050015,
				"jitter_ms":	36.5363984768464,
				"lost_packets":	1467,
				"packets":	17543,
				"lost_percent":	8.3623097531779056,
				"omitted":	false,
				"sender":	false
			}
		}, {
			"streams":	[{
					"socket":	5,
					"start":	2.000069,
					"end":	3.000009,
					"seconds":	0.99993997812271118,
					"bytes":	29556736,
					"bits_per_second":	236468081.258156,
					"jitter_ms":	207.40250745198134,
					"lost_packets":	10008,
					"packets":	10910,
					"lost_percent":	91.732355637030253,
					"omitted":	false,
					"sender":	false
				}],
			"sum":	{
				"start":	2.000069,
				"end":	3.000009,
				"seconds":	0.99993997812271118,
				"bytes":	29556736,
				"bits_per_second":	236468081.258156,
				"jitter_ms":	207.40250745198134,
				"lost_packets":	10008,
				"packets":	10910,
				"lost_percent":	91.732355637030253,
				"omitted":	false,
				"sender":	false
			}
		}, {
			"streams":	[{
					"socket":	5,
					"start":	3.000009,
					"end":	4.000455,
					"seconds":	1.0004459619522095,
					"bytes":	64585728,
					"bits_per_second":	516455504.49498612,
					"jitter_ms":	232.47650634787993,
					"lost_packets":	28535,
					"packets":	30506,
					"lost_percent":	93.538975939159513,
					"omitted":	false,
					"sender":	false
				}],
			"sum":	{
				"start":	3.000009,
				"end":	4.000455,
				"seconds":	1.0004459619522095,
				"bytes":	64585728,
				"bits_per_second":	516455504.49498612,
				"jitter_ms":	232.47650634787993,
				"lost_packets":	28535,
				"packets":	30506,
				"lost_percent":	93.538975939159513,
				"omitted":	false,
				"sender":	false
			}
		}, {
			"streams":	[{
					"socket":	5,
					"start":	4.000455,
					"end":	5.000215,
					"seconds":	0.9997599720954895,
					"bytes":	65044480,
					"bits_per_second":	520480769.90853918,
					"jitter_ms":	229.9668917036268,
					"lost_packets":	15194,
					"packets":	17179,
					"lost_percent":	88.445194714476983,
					"omitted":	false,
					"sender":	false
				}],
			"sum":	{
				"start":	4.000455,
				"end":	5.000215,
				"seconds":	0.9997599720954895,
				"bytes":	65044480,
				"bits_per_second":	520480769.90853918,
				"jitter_ms":	229.9668917036268,
				"lost_packets":	15194,
				"packets":	17179,
				"lost_percent":	88.445194714476983,
				"omitted":	false,
				"sender":	false
			}
		}, {
			"streams":	[{
					"socket":	5,
					"start":	5.000215,
					"end":	6.000165,
					"seconds":	0.99994999170303345,
					"bytes":	64520192,
					"bits_per_second":	516187349.65027171,
					"jitter_ms":	302.34696908955453,
					"lost_packets":	18009,
					"packets":	19978,
					"lost_percent":	90.14415857443187,
					"omitted":	false,
					"sender":	false
				}],
			"sum":	{
				"start":	5.000215,
				"end":	6.000165,
				"seconds":	0.99994999170303345,
				"bytes":	64520192,
				"bits_per_second":	516187349.65027171,
				"jitter_ms":	302.34696908955453,
				"lost_packets":	18009,
				"packets":	19978,
				"lost_percent":	90.14415857443187,
				"omitted":	false,
				"sender":	false
			}
		}, {
			"streams":	[{
					"socket":	5,
					"start":	6.000165,
					"end":	7.000123,
					"seconds":	0.99995797872543335,
					"bytes":	64618496,
					"bits_per_second":	516969691.72535861,
					"jitter_ms":	223.975411521916,
					"lost_packets":	17877,
					"packets":	19849,
					"lost_percent":	90.064990679631222,
					"omitted":	false,
					"sender":	false
				}],
			"sum":	{
				"start":	6.000165,
				"end":	7.000123,
				"seconds":	0.99995797872543335,
				"bytes":	64618496,
				"bits_per_second":	516969691.72535861,
				"jitter_ms":	223.975411521916,
				"lost_packets":	17877,
				"packets":	19849,
				"lost_percent":	90.064990679631222,
				"omitted":	false,
				"sender":	false
			}
		}, {
			"streams":	[{
					"socket":	5,
					"start":	7.000123,
					"end":	8.000142,
					"seconds":	1.0000189542770386,
					"bytes":	65667072,
					"bits_per_second":	525326618.81373125,
					"jitter_ms":	208.17878474569608,
					"lost_packets":	15760,
					"packets":	17764,
					"lost_percent":	88.718757036703451,
					"omitted":	false,
					"sender":	false
				}],
			"sum":	{
				"start":	7.000123,
				"end":	8.000142,
				"seconds":	1.0000189542770386,
				"bytes":	65667072,
				"bits_per_second":	525326618.81373125,
				"jitter_ms":	208.17878474569608,
				"lost_packets":	15760,
				"packets":	17764,
				"lost_percent":	88.718757036703451,
				"omitted":	false,
				"sender":	false
			}
		}, {
			"streams":	[{
					"socket":	5,
					"start":	8.000142,
					"end":	9.000008,
					"seconds":	0.99986600875854492,
					"bytes":	65077248,
					"bits_per_second":	520687751.59824711,
					"jitter_ms":	199.90693623521031,
					"lost_packets":	17224,
					"packets":	19210,
					"lost_percent":	89.661634565330559,
					"omitted":	false,
					"sender":	false
				}],
			"sum":	{
				"start":	8.000142,
				"end":	9.000008,
				"seconds":	0.99986600875854492,
				"bytes":	65077248,
				"bits_per_second":	520687751.59824711,
				"jitter_ms":	199.90693623521031,
				"lost_packets":	17224,
				"packets":	19210,
				"lost_percent":	89.661634565330559,
				"omitted":	false,
				"sender":	false
			}
		}, {
			"streams":	[{
					"socket":	5,
					"start":	9.000008,
					"end":	10.000522,
					"seconds":	1.000514030456543,
					"bytes":	65404928,
					"bits_per_second":	522970601.1831153,
					"jitter_ms":	224.4085029668386,
					"lost_packets":	17448,
					"packets":	19444,
					"lost_percent":	89.734622505657271,
					"omitted":	false,
					"sender":	false
				}],
			"sum":	{
				"start":	9.000008,
				"end":	10.000522,
				"seconds":	1.000514030456543,
				"bytes":	65404928,
				"bits_per_second":	522970601.1831153,
				"jitter_ms":	224.4085029668386,
				"lost_packets":	17448,
				"packets":	19444,
				"lost_percent":	89.734622505657271,
				"omitted":	false,
				"sender":	false
			}
		}, {
			"streams":	[{
					"socket":	5,
					"start":	10.000522,
					"end":	10.716498,
					"seconds":	0.71597599983215332,
					"bytes":	31424512,