{
	"start":	{
		"connected":	[{
				"socket":	5,
				"local_host":	"127.0.0.1",
				"local_port":	40438,
				"remote_host":	"127.0.0.1",
				"remote_port":	4040
			}],
		"version":	"iperf 3.7",
		"system_info":	"Linux amir 5.8.0-53-generic #60~20.04.1-Ubuntu SMP Thu May 6 09:52:46 UTC 2021 x86_64",
		"timestamp":	{
			"time":	"Mon, 31 May 2021 09:19:21 GMT",
			"timesecs":	1622452761
		},
		"connecting_to":	{
			"host":	"127.0.0.1",
			"port":	4040
		},
		"cookie":	"pifa3zqn4ashutm34lti6kvnvxop4ws3efpv",
		"tcp_mss_default":	32768,
		"target_bitrate":	5000000000,
		"sock_bufsize":	0,
		"sndbuf_actual":	16384,
		"rcvbuf_actual":	131072,
		"test_start":	{
			"protocol":	"TCP",
			"num_streams":	1,
			"blksize":	131072,
			"omit":	0,
			"duration":	10,
			"bytes":	0,
			"blocks":	0,
			"reverse":	0,
			"tos":	0
		}
	},
	"intervals":	[{
			"streams":	[{
					"socket":	5,
					"start":	0,
					"end":	1.00002,
					"seconds":	1.0000200271606445,
					"bytes":	589168640,
					"bits_per_second":	4713254726.8904257,
					"retransmits":	15,
					"snd_cwnd":	2684803,
					"rtt":	190,
					"rttvar":	22,
					"pmtu":	65535,
					"omitted":	false,
					"sender":	true
				}],
			"sum":	{
				"start":	0,
				"end":	1.00002,
				"seconds":	1.0000200271606445,
				"bytes":	589168640,
				"bits_per_second":	4713254726.8904257,
				"retransmits":	15,
				"omitted":	false,
				"sender":	true
			}
		}, {
			"streams":	[{
					"socket":	5,
					"start":	1.00002,
					"end":	2.00036,
					"seconds":	1.0003399848937988,
					"bytes":	576716800,
					"bits_per_second":	4612166333.1190519,
					"retransmits":	56,
					"snd_cwnd":	65483,
					"rtt":	82,
					"rttvar":	45,
					"pmtu":	65535,
					"omitted":	false,
					"sender":	true
				}],
			"sum":	{
				"start":	1.00002,
				"end":	2.00036,
				"seconds":	1.0003399848937988,
				"bytes":	576716800,
				"bits_per_second":	4612166333.1190519,
				"retransmits":	56,
				"omitted":	false,
				"sender":	true
			}
		}, {
			"streams":	[{
					"socket":	5,
					"start":	2.00036,
					"end":	3.000083,
					"seconds":	0.99972301721572876,
					"bytes":	210108416,
					"bits_per_second":	1681333028.3034668,
					"retransmits":	209,
					"snd_cwnd":	392898,
					"rtt":	117,
					"rttvar":	48,
					"pmtu":	65535,
					"omitted":	false,
					"sender":	true
				}],
			"sum":	{
				"start":	2.00036,
				"end":	3.000083,
				"seconds":	0.99972301721572876,
				"bytes":	210108416,
				"bits_per_second":	1681333028.3034668,
				"retransmits":	209,
				"omitted":	false,
				"sender":	true
			}
		}, {
			"streams":	[{
					"socket":	5,
					"start":	3.000083,
					"end":	4.000625,
					"seconds":	1.0005420446395874,
					"bytes":	304742400,
					"bits_per_second":	2436618444.0336919,
					"retransmits":	331,
					"snd_cwnd":	130966,
					"rtt":	6318,
					"rttvar":	12190,
					"pmtu":	65535,
					"omitted":	false,
					"sender":	true
				}],
			"sum":	{
				"start":	3.000083,
				"end":	4.000625,
				"seconds":	1.0005420446395874,
				"bytes":	304742400,
				"bits_per_second":	2436618444.0336919,
				"retransmits":	331,
				"omitted":	false,
				"sender":	true
			}
		}, {
			"streams":	[{
					"socket":	5,
					"start":	4.000625,
					"end":	5.000296,
					"seconds":	0.99967098236083984,
					"bytes":	210239488,
					"bits_per_second":	1682469466.1317058,
					"retransmits":	238,
					"snd_cwnd":	130966,
					"rtt":	269,
					"rttvar":	367,
					"pmtu":	65535,
					"omitted":	false,
					"sender":	true
				}],
			"sum":	{
				"start":	4.000625,
				"end":	5.000296,
				"seconds":	0.99967098236083984,
				"bytes":	210239488,
				"bits_per_second":	1682469466.1317058,
				"retransmits":	238,
				"omitted":	false,
				"sender":	true
			}
		}, {
			"streams":	[{
					"socket":	5,
					"start":	5.000296,
					"end":	6.000184,
					"seconds":	0.999888002872467,
					"bytes":	149946368,
					"bits_per_second":	1199705307.5483315,
					"retransmits":	159,
					"snd_cwnd":	65483,
					"rtt":	119,
					"rttvar":	42,
					"pmtu":	65535,
					"omitted":	false,
					"sender":	true
				}],
			"sum":	{
				"start":	5.000296,
				"end":	6.000184,
				"seconds":	0.999888002872467,
				"bytes":	149946368,
				"bits_per_second":	1199705307.5483315,
				"retransmits":	159,
				"omitted":	false,
				"sender":	true
			}
		}, {
			"streams":	[{
					"socket":	5,
					"start":	6.000184,
					"end":	7.002459,
					"seconds":	1.0022749900817871,
					"bytes":	264765440,
					"bits_per_second":	2113315747.6344471,
					"retransmits":	289,
					"snd_cwnd":	261932,
					"rtt":	711,
					"rttvar":	1252,
					"pmtu":	65535,
					"omitted":	false,
					"sender":	true
				}],
			"sum":	{
				"start":	6.000184,
				"end":	7.002459,
				"seconds":	1.0022749900817871,
				"bytes":	264765440,
				"bits_per_second":	2113315747.6344471,
				"retransmits":	289,
				"omitted":	false,
				"sender":	true
			}
		}, {
			"streams":	[{
					"socket":	5,
					"start":	7.002459,
					"end":	8.000268,
					"seconds":	0.99780899286270142,
					"bytes":	158990336,
					"bits_per_second":	1274715598.9753809,
					"retransmits":	168,
					"snd_cwnd":	654830,
					"rtt":	100,
					"rttvar":	33,
					"pmtu":	65535,
					"omitted":	false,
					"sender":	true
				}],
			"sum":	{
				"start":	7.002459,
				"end":	8.000268,
				"seconds":	0.99780899286270142,
				"bytes":	158990336,
				"bits_per_second":	1274715598.9753809,
				"retransmits":	168,
				"omitted":	false,
				"sender":	true
			}
		}, {
			"streams":	[{
					"socket":	5,
					"start":	8.000268,
					"end":	9.000502,
					"seconds":	1.0002340078353882,
					"bytes":	183631872,
					"bits_per_second":	1468711286.051141,
					"retransmits":	175,
					"snd_cwnd":	130966,
					"rtt":	2136,
					"rttvar":	3964,
					"pmtu":	65535,
					"omitted":	false,
					"sender":	true
				}],
			"sum":	{
				"start":	8.000268,
				"end":	9.000502,
				"seconds":	1.0002340078353882,
				"bytes":	183631872,
				"bits_per_second":	1468711286.051141,
				"retransmits":	175,
				"omitted":	false,
				"sender":	true
			}
		}, {
			"streams":	[{
					"socket":	5,
					"start":	9.000502,
					"end":	10.000744,
					"seconds":	1.0002419948577881,
					"bytes":	107872256,
					"bits_per_second":	862769262.27507186,
					"retransmits":	106,
					"snd_cwnd":	65483,
					"rtt":	1852,
					"rttvar":	3597,
					"pmtu":	65535,
					"omitted":	false,
					"sender":	true
				}],
			"sum":	{
				"start":	9.000502,
				"end":	10.000744,
				"seconds":	1.0002419948577881,
				"bytes":	107872256,
				"bits_per_second":	862769262.27507186,
				"retransmits":	106,
				"omitted":	false,
				"sender":	true
			}
		}],
	"end":	{
		"streams":	[{
				"sender":	{
					"socket":	5,
					"start":	0,
					"end":	10.000744,
					"seconds":	10.000744,
					"bytes":	2756182016,
					"bits_per_second":	2204781577.0506678,
					"retransmits":	1746,
					"max_snd_cwnd":	2684803,
					"max_rtt":	6318,
					"min_rtt":	82,
					"mean_rtt":	1189,
					"sender":	true
				},
				"receiver":	{
					"socket":	5,
					"start":	0,
					"end":	10.000856,
					"seconds":	10.000744,
					"bytes":	2753362325,
					"bits_per_second":	2202501325.8865042,
					"sender":	true
				}
			}],
		"sum_sent":	{
			"start":	0,
			"end":	10.000744,
			"seconds":	10.000744,
			"bytes":	2756182016,
			"bits_per_second":	2204781577.0506678,
			"retransmits":	1746,
			"sender":	true
		},
		"sum_received":	{
			"start":	0,
			"end":	10.000856,
			"seconds":	10.000856,
			"bytes":	2753362325,
			"bits_per_second":	2202501325.8865042,
			"sender":	true
		},
		"cpu_utilization_percent":	{
			"host_total":	20.08661687091082,
			"host_user":	0.25102761713556071,
			"host_system":	19.835579259444046,
			"remote_total":	11.458836966428818,
			"remote_user":	0.82872712864591525,
			"remote_system":	10.630101802420235
		},
		"sender_tcp_congestion":	"cubic",
		"receiver_tcp_congestion":	"cubic"
	}
}
