{
	"start":	{
		"connected":	[{
				"socket":	5,
				"local_host":	"127.0.0.1",
				"local_port":	4040,
				"remote_host":	"127.0.0.1",
				"remote_port":	40438
			}],
		"version":	"iperf 3.7",
		"system_info":	"Linux amir 5.8.0-53-generic #60~20.04.1-Ubuntu SMP Thu May 6 09:52:46 UTC 2021 x86_64",
		"target_bitrate":	5000000000,
		"sock_bufsize":	0,
		"sndbuf_actual":	16384,
		"rcvbuf_actual":	131072,
		"timestamp":	{
			"time":	"Mon, 31 May 2021 09:19:21 GMT",
			"timesecs":	1622452761
		},
		"accepted_connection":	{
			"host":	"127.0.0.1",
			"port":	40436
		},
		"cookie":	"pifa3zqn4ashutm34lti6kvnvxop4ws3efpv",
		"tcp_mss_default":	0,
		"target_bitrate":	5000000000,
		"test_start":	{
			"protocol":	"TCP",
			"num_streams":	1,
			"blksize":	131072,
			"omit":	0,
			"duration":	10,
			"bytes":	0,
			"blocks":	0,
			"reverse":	0,
			"tos":	0
		}
	},
	"intervals":	[{
			"streams":	[{
					"socket":	5,
					"start":	0,
					"end":	1.00005,
					"seconds":	1.0000499486923218,
					"bytes":	589168640,
					"bits_per_second":	4713113706.1336145,
					"omitted":	false,
					"sender":	false
				}],
			"sum":	{
				"start":	0,
				"end":	1.00005,
				"seconds":	1.0000499486923218,
				"bytes":	589168640,
				"bits_per_second":	4713113706.1336145,
				"omitted":	false,
				"sender":	false
			}
		}, {
			"streams":	[{
					"socket":	5,
					"start":	1.00005,
					"end":	2.000307,
					"seconds":	1.0002570152282715,
					"bytes":	573964288,
					"bits_per_second":	4590534466.7361441,
					"omitted":	false,
					"sender":	false
				}],
			"sum":	{
				"start":	1.00005,
				"end":	2.000307,
				"seconds":	1.0002570152282715,
				"bytes":	573964288,
				"bits_per_second":	4590534466.7361441,
				"omitted":	false,
				"sender":	false
			}
		}, {
			"streams":	[{
					"socket":	5,
					"start":	2.000307,
					"end":	3.00041,
					"seconds":	1.0001029968261719,
					"bytes":	212729750,
					"bits_per_second":	1701662734.1391687,
					"omitted":	false,
					"sender":	false
				}],
			"sum":	{
				"start":	2.000307,
				"end":	3.00041,
				"seconds":	1.0001029968261719,
				"bytes":	212729750,
				"bits_per_second":	1701662734.1391687,
				"omitted":	false,
				"sender":	false
			}
		}, {
			"streams":	[{
					"socket":	5,
					"start":	3.00041,
					"end":	4.000627,
					"seconds":	1.0002169609069824,
					"bytes":	302113010,
					"bits_per_second":	2416379820.0426297,
					"omitted":	false,
					"sender":	false
				}],
			"sum":	{
				"start":	3.00041,
				"end":	4.000627,
				"seconds":	1.0002169609069824,
				"bytes":	302113010,
				"bits_per_second":	2416379820.0426297,
				"omitted":	false,
				"sender":	false
			}
		}, {
			"streams":	[{
					"socket":	5,
					"start":	4.000627,
					"end":	5.000351,
					"seconds":	0.99972397089004517,
					"bytes":	210312921,
					"bits_per_second":	1682967916.1359735,
					"omitted":	false,
					"sender":	false
				}],
			"sum":	{
				"start":	4.000627,
				"end":	5.000351,
				"seconds":	0.99972397089004517,
				"bytes":	210312921,
				"bits_per_second":	1682967916.1359735,
				"omitted":	false,
				"sender":	false
			}
		}, {
			"streams":	[{
					"socket":	5,
					"start":	5.000351,
					"end":	6.000194,
					"seconds":	0.99984300136566162,
					"bytes":	149880991,
					"bits_per_second":	1199236206.4466612,
					"omitted":	false,
					"sender":	false
				}],
			"sum":	{
				"start":	5.000351,
				"end":	6.000194,
				"seconds":	0.99984300136566162,
				"bytes":	149880991,
				"bits_per_second":	1199236206.4466612,
				"omitted":	false,
				"sender":	false
			}
		}, {
			"streams":	[{
					"socket":	5,
					"start":	6.000194,
					"end":	7.000111,
					"seconds":	0.99991697072982788,
					"bytes":	267517952,
					"bits_per_second":	2140321325.317575,
					"omitted":	false,
					"sender":	false
				}],
			"sum":	{
				"start":	6.000194,
				"end":	7.000111,
				"seconds":	0.99991697072982788,
				"bytes":	267517952,
				"bits_per_second":	2140321325.317575,
				"omitted":	false,
				"sender":	false
			}
		}, {
			"streams":	[{
					"socket":	5,
					"start":	7.000111,
					"end":	8.000262,
					"seconds":	1.0001510381698608,
					"bytes":	156165663,
					"bits_per_second":	1249136636.6884885,
					"omitted":	false,
					"sender":	false
				}],
			"sum":	{
				"start":	7.000111,
				"end":	8.000262,
				"seconds":	1.0001510381698608,
				"bytes":	156165663,
				"bits_per_second":	1249136636.6884885,
				"omitted":	false,
				"sender":	false
			}
		}, {
			"streams":	[{
					"socket":	5,
					"start":	8.000262,
					"end":	9.000495,
					"seconds":	1.0002330541610718,
					"bytes":	183765276,
					"bits_per_second":	1469779669.7321103,
					"omitted":	false,
					"sender":	false
				}],
			"sum":	{
				"start":	8.000262,
				"end":	9.000495,
				"seconds":	1.0002330541610718,
				"bytes":	183765276,
				"bits_per_second":	1469779669.7321103,
				"omitted":	false,
				"sender":	false
			}
		}, {
			"streams":	[{
					"socket":	5,
					"start":	9.000495,
					"end":	10.000736,
					"seconds":	1.0002410411834717,
					"bytes":	107743834,
					"bits_per_second":	861742956.457927,
					"omitted":	false,
					"sender":	false
				}],
			"sum":	{
				"start":	9.000495,
				"end":	10.000736,
				"seconds":	1.0002410411834717,
				"bytes":	107743834,
				"bits_per_second":	861742956.457927,
				"omitted":	false,
				"sender":	false
			}
		}],
	"end":	{
		"streams":	[{
				"sender":	{
					"socket":	5,
					"start":	0,
					"end":	10.000856,
					"seconds":	10.000856,
					"bytes":	0,
					"bits_per_second":	0,
					"sender":	false
				},
				"receiver":	{
					"socket":	5,
					"start":	0,
					"end":	10.000856,
					"seconds":	10.000856,
					"bytes":	2753362325,
					"bits_per_second":	2202501325.8865042,
					"sender":	false
				}
			}],
		"sum_sent":	{
			"start":	0,
			"end":	10.000856,
			"seconds":	10.000856,
			"bytes":	0,
			"bits_per_second":	0,
			"sender":	false
		},
		"sum_received":	{
			"start":	0,
			"end":	10.000856,
			"seconds":	10.000856,
			"bytes":	2753362325,
			"bits_per_second":	2202501325.8865042,
			"sender":	false
		},
		"cpu_utilization_percent":	{
			"host_total":	11.458836966428818,
			"host_user":	0.82872712864591525,
			"host_system":	10.630101802420235,
			"remote_total":	0,
			"remote_user":	0,
			"remote_system":	0
		},
		"receiver_tcp_congestion":	"cubic"
	}
}
