{
	"start":	{
		"connected":	[{
				"socket":	5,
				"local_host":	"127.0.0.1",
				"local_port":	40530,
				"remote_host":	"127.0.0.1",
				"remote_port":	4040
			}],
		"version":	"iperf 3.7",
		"system_info":	"Linux amir 5.8.0-53-generic #60~20.04.1-Ubuntu SMP Thu May 6 09:52:46 UTC 2021 x86_64",
		"timestamp":	{
			"time":	"Mon, 31 May 2021 09:26:56 GMT",
			"timesecs":	1622453216
		},
		"connecting_to":	{
			"host":	"127.0.0.1",
			"port":	4040
		},
		"cookie":	"ku2h2kmgza5u26kxqmg3wes7o5lphnsibvnb",
		"tcp_mss_default":	32768,
		"target_bitrate":	5000000000,
		"sock_bufsize":	0,
		"sndbuf_actual":	16384,
		"rcvbuf_actual":	131072,
		"test_start":	{
			"protocol":	"TCP",
			"num_streams":	1,
			"blksize":	131072,
			"omit":	0,
			"duration":	10,
			"bytes":	0,
			"blocks":	0,
			"reverse":	0,
			"tos":	0
		}
	},
	"intervals":	[{
			"streams":	[{
					"socket":	5,
					"start":	0,
					"end":	1.000276,
					"seconds":	1.00027596950531,
					"bytes":	624427008,
					"bits_per_second":	4994037861.8417683,
					"retransmits":	17,
					"snd_cwnd":	2881252,
					"rtt":	84,
					"rttvar":	31,
					"pmtu":	65535,
					"omitted":	false,
					"sender":	true
				}],
			"sum":	{
				"start":	0,
				"end":	1.000276,
				"seconds":	1.00027596950531,
				"bytes":	624427008,
				"bits_per_second":	4994037861.8417683,
				"retransmits":	17,
				"omitted":	false,
				"sender":	true
			}
		}, {
			"streams":	[{
					"socket":	5,
					"start":	1.000276,
					"end":	2.004003,
					"seconds":	1.0037269592285156,
					"bytes":	492961792,
					"bits_per_second":	3929050923.40172,
					"retransmits":	7,
					"snd_cwnd":	65483,
					"rtt":	157,
					"rttvar":	191,
					"pmtu":	65535,
					"omitted":	false,
					"sender":	true
				}],
			"sum":	{
				"start":	1.000276,
				"end":	2.004003,
				"seconds":	1.0037269592285156,
				"bytes":	492961792,
				"bits_per_second":	3929050923.40172,
				"retransmits":	7,
				"omitted":	false,
				"sender":	true
			}
		}, {
			"streams":	[{
					"socket":	5,
					"start":	2.004003,
					"end":	3.000271,
					"seconds":	0.99626797437667847,
					"bytes":	6422528,
					"bits_per_second":	51572694.617777281,
					"retransmits":	20,
					"snd_cwnd":	65483,
					"rtt":	1875,
					"rttvar":	3542,
					"pmtu":	65535,
					"omitted":	false,
					"sender":	true
				}],
			"sum":	{
				"start":	2.004003,
				"end":	3.000271,
				"seconds":	0.99626797437667847,
				"bytes":	6422528,
				"bits_per_second":	51572694.617777281,
				"retransmits":	20,
				"omitted":	false,
				"sender":	true
			}
		}, {
			"streams":	[{
					"socket":	5,
					"start":	3.000271,
					"end":	4.00032,
					"seconds":	1.0000489950180054,
					"bytes":	1572864,
					"bits_per_second":	12582295.53020395,
					"retransmits":	12,
					"snd_cwnd":	65483,
					"rtt":	11338,
					"rttvar":	18957,
					"pmtu":	65535,
					"omitted":	false,
					"sender":	true
				}],
			"sum":	{
				"start":	3.000271,
				"end":	4.00032,
				"seconds":	1.0000489950180054,
				"bytes":	1572864,
				"bits_per_second":	12582295.53020395,
				"retransmits":	12,
				"omitted":	false,
				"sender":	true
			}
		}, {
			"streams":	[{
					"socket":	5,
					"start":	4.00032,
					"end":	5.000116,
					"seconds":	0.99979597330093384,
					"bytes":	3407872,
					"bits_per_second":	27268539.5101046,
					"retransmits":	17,
					"snd_cwnd":	65483,
					"rtt":	4513,
					"rttvar":	8215,
					"pmtu":	65535,
					"omitted":	false,
					"sender":	true
				}],
			"sum":	{
				"start":	4.00032,
				"end":	5.000116,
				"seconds":	0.99979597330093384,
				"bytes":	3407872,
				"bits_per_second":	27268539.5101046,
				"retransmits":	17,
				"omitted":	false,
				"sender":	true
			}
		}, {
			"streams":	[{
					"socket":	5,
					"start":	5.000116,
					"end":	6.000319,
					"seconds":	1.000203013420105,
					"bytes":	2883584,
					"bits_per_second":	23063989.700569622,
					"retransmits":	15,
					"snd_cwnd":	130966,
					"rtt":	1740,
					"rttvar":	3164,
					"pmtu":	65535,
					"omitted":	false,
					"sender":	true
				}],
			"sum":	{
				"start":	5.000116,
				"end":	6.000319,
				"seconds":	1.000203013420105,
				"bytes":	2883584,
				"bits_per_second":	23063989.700569622,
				"retransmits":	15,
				"omitted":	false,
				"sender":	true
			}
		}, {
			"streams":	[{
					"socket":	5,
					"start":	6.000319,
					"end":	7.000133,
					"seconds":	0.999813973903656,
					"bytes":	6422528,
					"bits_per_second":	51389783.84087988,
					"retransmits":	28,
					"snd_cwnd":	130966,
					"rtt":	501,
					"rttvar":	973,
					"pmtu":	65535,
					"omitted":	false,
					"sender":	true
				}],
			"sum":	{
				"start":	6.000319,
				"end":	7.000133,
				"seconds":	0.999813973903656,
				"bytes":	6422528,
				"bits_per_second":	51389783.84087988,
				"retransmits":	28,
				"omitted":	false,
				"sender":	true
			}
		}, {
			"streams":	[{
					"socket":	5,
					"start":	7.000133,
					"end":	8.000171,
					"seconds":	1.0000380277633667,
					"bytes":	1572864,
					"bits_per_second":	12582433.518195594,
					"retransmits":	11,
					"snd_cwnd":	65483,
					"rtt":	1822,
					"rttvar":	3526,
					"pmtu":	65535,
					"omitted":	false,
					"sender":	true
				}],
			"sum":	{
				"start":	7.000133,
				"end":	8.000171,
				"seconds":	1.0000380277633667,
				"bytes":	1572864,
				"bits_per_second":	12582433.518195594,
				"retransmits":	11,
				"omitted":	false,
				"sender":	true
			}
		}, {
			"streams":	[{
					"socket":	5,
					"start":	8.000171,
					"end":	9.000279,
					"seconds":	1.000108003616333,
					"bytes":	917504,
					"bits_per_second":	7339239.3356106207,
					"retransmits":	6,
					"snd_cwnd":	65483,
					"rtt":	377,
					"rttvar":	635,
					"pmtu":	65535,
					"omitted":	false,
					"sender":	true
				}],
			"sum":	{
				"start":	8.000171,
				"end":	9.000279,
				"seconds":	1.000108003616333,
				"bytes":	917504,
				"bits_per_second":	7339239.3356106207,
				"retransmits":	6,
				"omitted":	false,
				"sender":	true
			}
		}, {
			"streams":	[{
					"socket":	5,
					"start":	9.000279,
					"end":	10.000101,
					"seconds":	0.99982202053070068,
					"bytes":	3145728,
					"bits_per_second":	25170303.797311947,
					"retransmits":	17,
					"snd_cwnd":	65483,
					"rtt":	1633,
					"rttvar":	3062,
					"pmtu":	65535,
					"omitted":	false,
					"sender":	true
				}],
			"sum":	{
				"start":	9.000279,
				"end":	10.000101,
				"seconds":	0.99982202053070068,
				"bytes":	3145728,
				"bits_per_second":	25170303.797311947,
				"retransmits":	17,
				"omitted":	false,
				"sender":	true
			}
		}],
	"end":	{
		"streams":	[{
				"sender":	{
					"socket":	5,
					"start":	0,
					"end":	10.000101,
					"seconds":	10.000101,
					"bytes":	1143734272,
					"bits_per_second":	914978176.32041907,
					"retransmits":	150,
					"max_snd_cwnd":	2881252,
					"max_rtt":	11338,
					"min_rtt":	84,
					"mean_rtt":	2404,
					"sender":	true
				},
				"receiver":	{
					"socket":	5,
					"start":	0,
					"end":	10.003731,
					"seconds":	10.000101,
					"bytes":	1140960454,
					"bits_per_second":	912427936.33695269,
					"sender":	true
				}
			}],
		"sum_sent":	{
			"start":	0,
			"end":	10.000101,
			"seconds":	10.000101,
			"bytes":	1143734272,
			"bits_per_second":	914978176.32041907,
			"retransmits":	150,
			"sender":	true
		},
		"sum_received":	{
			"start":	0,
			"end":	10.003731,
			"seconds":	10.003731,
			"bytes":	1140960454,
			"bits_per_second":	912427936.33695269,
			"sender":	true
		},
		"cpu_utilization_percent":	{
			"host_total":	10.002263572817338,
			"host_user":	0.12518107333326337,
			"host_system":	9.8770225372902374,
			"remote_total":	5.0164608425806154,
			"remote_user":	0.2662452927140127,
			"remote_system":	4.7502073493770984
		},
		"sender_tcp_congestion":	"cubic",
		"receiver_tcp_congestion":	"cubic"
	}
}
