{
	"start":	{
		"connected":	[{
				"socket":	5,
				"local_host":	"127.0.0.1",
				"local_port":	4040,
				"remote_host":	"127.0.0.1",
				"remote_port":	40530
			}],
		"version":	"iperf 3.7",
		"system_info":	"Linux amir 5.8.0-53-generic #60~20.04.1-Ubuntu SMP Thu May 6 09:52:46 UTC 2021 x86_64",
		"target_bitrate":	5000000000,
		"sock_bufsize":	0,
		"sndbuf_actual":	16384,
		"rcvbuf_actual":	131072,
		"timestamp":	{
			"time":	"Mon, 31 May 2021 09:26:56 GMT",
			"timesecs":	1622453216
		},
		"accepted_connection":	{
			"host":	"127.0.0.1",
			"port":	40528
		},
		"cookie":	"ku2h2kmgza5u26kxqmg3wes7o5lphnsibvnb",
		"tcp_mss_default":	0,
		"target_bitrate":	5000000000,
		"test_start":	{
			"protocol":	"TCP",
			"num_streams":	1,
			"blksize":	131072,
			"omit":	0,
			"duration":	10,
			"bytes":	0,
			"blocks":	0,
			"reverse":	0,
			"tos":	0
		}
	},
	"intervals":	[{
			"streams":	[{
					"socket":	5,
					"start":	0,
					"end":	1.00079,
					"seconds":	1.000789999961853,
					"bytes":	622592000,
					"bits_per_second":	4976804324.7732792,
					"omitted":	false,
					"sender":	false
				}],
			"sum":	{
				"start":	0,
				"end":	1.00079,
				"seconds":	1.000789999961853,
				"bytes":	622592000,
				"bits_per_second":	4976804324.7732792,
				"omitted":	false,
				"sender":	false
			}
		}, {
			"streams":	[{
					"socket":	5,
					"start":	1.00079,
					"end":	2.000458,
					"seconds":	0.99966800212860107,
					"bytes":	491978699,
					"bits_per_second":	3937136713.0081253,
					"omitted":	false,
					"sender":	false
				}],
			"sum":	{
				"start":	1.00079,
				"end":	2.000458,
				"seconds":	0.99966800212860107,
				"bytes":	491978699,
				"bits_per_second":	3937136713.0081253,
				"omitted":	false,
				"sender":	false
			}
		}, {
			"streams":	[{
					"socket":	5,
					"start":	2.000458,
					"end":	3.000121,
					"seconds":	0.99966299533843994,
					"bytes":	6417440,
					"bits_per_second":	51356827.490267158,
					"omitted":	false,
					"sender":	false
				}],
			"sum":	{
				"start":	2.000458,
				"end":	3.000121,
				"seconds":	0.99966299533843994,
				"bytes":	6417440,
				"bits_per_second":	51356827.490267158,
				"omitted":	false,
				"sender":	false
			}
		}, {
			"streams":	[{
					"socket":	5,
					"start":	3.000121,
					"end":	4.00312,
					"seconds":	1.002998948097229,
					"bytes":	1637075,
					"bits_per_second":	13057441.410926023,
					"omitted":	false,
					"sender":	false
				}],
			"sum":	{
				"start":	3.000121,
				"end":	4.00312,
				"seconds":	1.002998948097229,
				"bytes":	1637075,
				"bits_per_second":	13057441.410926023,
				"omitted":	false,
				"sender":	false
			}
		}, {
			"streams":	[{
					"socket":	5,
					"start":	4.00312,
					"end":	5.000287,
					"seconds":	0.99716699123382568,
					"bytes":	3339633,
					"bits_per_second":	26792968.715242114,
					"omitted":	false,
					"sender":	false
				}],
			"sum":	{
				"start":	4.00312,
				"end":	5.000287,
				"seconds":	0.99716699123382568,
				"bytes":	3339633,
				"bits_per_second":	26792968.715242114,
				"omitted":	false,
				"sender":	false
			}
		}, {
			"streams":	[{
					"socket":	5,
					"start":	5.000287,
					"end":	6.000448,
					"seconds":	1.0001610517501831,
					"bytes":	2946735,
					"bits_per_second":	23570083.996720366,
					"omitted":	false,
					"sender":	false
				}],
			"sum":	{
				"start":	5.000287,
				"end":	6.000448,
				"seconds":	1.0001610517501831,
				"bytes":	2946735,
				"bits_per_second":	23570083.996720366,
				"omitted":	false,
				"sender":	false
			}
		}, {
			"streams":	[{
					"socket":	5,
					"start":	6.000448,
					"end":	7.000474,
					"seconds":	1.0000259876251221,
					"bytes":	6417334,
					"bits_per_second":	51337337.864508815,
					"omitted":	false,
					"sender":	false
				}],
			"sum":	{
				"start":	6.000448,
				"end":	7.000474,
				"seconds":	1.0000259876251221,
				"bytes":	6417334,
				"bits_per_second":	51337337.864508815,
				"omitted":	false,
				"sender":	false
			}
		}, {
			"streams":	[{
					"socket":	5,
					"start":	7.000474,
					"end":	8.001151,
					"seconds":	1.0006769895553589,
					"bytes":	1571592,
					"bits_per_second":	12564230.147419073,
					"omitted":	false,
					"sender":	false
				}],
			"sum":	{
				"start":	7.000474,
				"end":	8.001151,
				"seconds":	1.0006769895553589,
				"bytes":	1571592,
				"bits_per_second":	12564230.147419073,
				"omitted":	false,
				"sender":	false
			}
		}, {
			"streams":	[{
					"socket":	5,
					"start":	8.001151,
					"end":	9.000627,
					"seconds":	0.99947601556777954,
					"bytes":	916762,
					"bits_per_second":	7337940.9668311719,
					"omitted":	false,
					"sender":	false
				}],
			"sum":	{
				"start":	8.001151,
				"end":	9.000627,
				"seconds":	0.99947601556777954,
				"bytes":	916762,
				"bits_per_second":	7337940.9668311719,
				"omitted":	false,
				"sender":	false
			}
		}, {
			"streams":	[{
					"socket":	5,
					"start":	9.000627,
					"end":	10.000443,
					"seconds":	0.99981600046157837,
					"bytes":	3143184,
					"bits_per_second":	25150099.606718894,
					"omitted":	false,
					"sender":	false
				}],
			"sum":	{
				"start":	9.000627,
				"end":	10.000443,
				"seconds":	0.99981600046157837,
				"bytes":	3143184,
				"bits_per_second":	25150099.606718894,
				"omitted":	false,
				"sender":	false
			}
		}],
	"end":	{
		"streams":	[{
				"sender":	{
					"socket":	5,
					"start":	0,
					"end":	10.003731,
					"seconds":	10.003731,
					"bytes":	0,
					"bits_per_second":	0,
					"sender":	false
				},
				"receiver":	{
					"socket":	5,
					"start":	0,
					"end":	10.003731,
					"seconds":	10.003731,
					"bytes":	1140960454,
					"bits_per_second":	912427936.33695269,
					"sender":	false
				}
			}],
		"sum_sent":	{
			"start":	0,
			"end":	10.003731,
			"seconds":	10.003731,
			"bytes":	0,
			"bits_per_second":	0,
			"sender":	false
		},
		"sum_received":	{
			"start":	0,
			"end":	10.003731,
			"seconds":	10.003731,
			"bytes":	1140960454,
			"bits_per_second":	912427936.33695269,
			"sender":	false
		},
		"cpu_utilization_percent":	{
			"host_total":	5.0164608425806154,
			"host_user":	0.2662452927140127,
			"host_system":	4.7502073493770984,
			"remote_total":	0,
			"remote_user":	0,
			"remote_system":	0
		},
		"receiver_tcp_congestion":	"cubic"
	}
}
