{
	"start":	{
		"connected":	[{
				"socket":	5,
				"local_host":	"127.0.0.1",
				"local_port":	4040,
				"remote_host":	"127.0.0.1",
				"remote_port":	40092
			}],
		"version":	"iperf 3.7",
		"system_info":	"Linux amir 5.8.0-53-generic #60~20.04.1-Ubuntu SMP Thu May 6 09:52:46 UTC 2021 x86_64",
		"target_bitrate":	5000000000,
		"sock_bufsize":	0,
		"sndbuf_actual":	16384,
		"rcvbuf_actual":	131072,
		"timestamp":	{
			"time":	"Mon, 31 May 2021 08:38:56 GMT",
			"timesecs":	1622450336
		},
		"accepted_connection":	{
			"host":	"127.0.0.1",
			"port":	40090
		},
		"cookie":	"eklgk243fpfg5uktvwakl5kiocohbciixvar",
		"tcp_mss_default":	0,
		"target_bitrate":	5000000000,
		"test_start":	{
			"protocol":	"TCP",
			"num_streams":	1,
			"blksize":	131072,
			"omit":	0,
			"duration":	10,
			"bytes":	0,
			"blocks":	0,
			"reverse":	0,
			"tos":	0
		}
	},
	"intervals":	[{
			"streams":	[{
					"socket":	5,
					"start":	0,
					"end":	1.001095,
					"seconds":	1.0010950565338135,
					"bytes":	624033792,
					"bits_per_second":	4986809497.6766863,
					"omitted":	false,
					"sender":	false
				}],
			"sum":	{
				"start":	0,
				"end":	1.001095,
				"seconds":	1.0010950565338135,
				"bytes":	624033792,
				"bits_per_second":	4986809497.6766863,
				"omitted":	false,
				"sender":	false
			}
		}, {
			"streams":	[{
					"socket":	5,
					"start":	1.001095,
					"end":	2.000747,
					"seconds":	0.99965202808380127,
					"bytes":	625868800,
					"bits_per_second":	5008693284.5998936,
					"omitted":	false,
					"sender":	false
				}],
			"sum":	{
				"start":	1.001095,
				"end":	2.000747,
				"seconds":	0.99965202808380127,
				"bytes":	625868800,
				"bits_per_second":	5008693284.5998936,
				"omitted":	false,
				"sender":	false
			}
		}, {
			"streams":	[{
					"socket":	5,
					"start":	2.000747,
					"end":	3.000016,
					"seconds":	0.99926900863647461,
					"bytes":	622854038,
					"bits_per_second":	4986477375.8961945,
					"omitted":	false,
					"sender":	false
				}],
			"sum":	{
				"start":	2.000747,
				"end":	3.000016,
				"seconds":	0.99926900863647461,
				"bytes":	622854038,
				"bits_per_second":	4986477375.8961945,
				"omitted":	false,
				"sender":	false
			}
		}, {
			"streams":	[{
					"socket":	5,
					"start":	3.000016,
					"end":	4.000048,
					"seconds":	1.0000319480895996,
					"bytes":	626524266,
					"bits_per_second":	5012034003.0885935,
					"omitted":	false,
					"sender":	false
				}],
			"sum":	{
				"start":	3.000016,
				"end":	4.000048,
				"seconds":	1.0000319480895996,
				"bytes":	626524266,
				"bits_per_second":	5012034003.0885935,
				"omitted":	false,
				"sender":	false
			}
		}, {
			"streams":	[{
					"socket":	5,
					"start":	4.000048,
					"end":	5.000821,
					"seconds":	1.0007729530334473,
					"bytes":	624558080,
					"bits_per_second":	4992605590.3641224,
					"omitted":	false,
					"sender":	false
				}],
			"sum":	{
				"start":	4.000048,
				"end":	5.000821,
				"seconds":	1.0007729530334473,
				"bytes":	624558080,
				"bits_per_second":	4992605590.3641224,
				"omitted":	false,
				"sender":	false
			}
		}, {
			"streams":	[{
					"socket":	5,
					"start":	5.000821,
					"end":	6.000127,
					"seconds":	0.99930602312088013,
					"bytes":	626130944,
					"bits_per_second":	5012526129.2396765,
					"omitted":	false,
					"sender":	false
				}],
			"sum":	{
				"start":	5.000821,
				"end":	6.000127,
				"seconds":	0.99930602312088013,
				"bytes":	626130944,
				"bits_per_second":	5012526129.2396765,
				"omitted":	false,
				"sender":	false
			}
		}, {
			"streams":	[{
					"socket":	5,
					"start":	6.000127,
					"end":	7.00104,
					"seconds":	1.0009130239486694,
					"bytes":	624558080,
					"bits_per_second":	4991906909.4421511,
					"omitted":	false,
					"sender":	false
				}],
			"sum":	{
				"start":	6.000127,
				"end":	7.00104,
				"seconds":	1.0009130239486694,
				"bytes":	624558080,
				"bits_per_second":	4991906909.4421511,
				"omitted":	false,
				"sender":	false
			}
		}, {
			"streams":	[{
					"socket":	5,
					"start":	7.00104,
					"end":	8.000115,
					"seconds":	0.99907499551773071,
					"bytes":	621674496,
					"bits_per_second":	4978000640.9055767,
					"omitted":	false,
					"sender":	false
				}],
			"sum":	{
				"start":	7.00104,
				"end":	8.000115,
				"seconds":	0.99907499551773071,
				"bytes":	621674496,
				"bits_per_second":	4978000640.9055767,
				"omitted":	false,
				"sender":	false
			}
		}, {
			"streams":	[{
					"socket":	5,
					"start":	8.000115,
					"end":	9.000259,
					"seconds":	1.0001440048217773,
					"bytes":	628228096,
					"bits_per_second":	5025101129.2074757,
					"omitted":	false,
					"sender":	false
				}],
			"sum":	{
				"start":	8.000115,
				"end":	9.000259,
				"seconds":	1.0001440048217773,
				"bytes":	628228096,
				"bits_per_second":	5025101129.2074757,
				"omitted":	false,
				"sender":	false
			}
		}, {
			"streams":	[{
					"socket":	5,
					"start":	9.000259,
					"end":	10.000188,
					"seconds":	0.99992901086807251,
					"bytes":	625344512,
					"bits_per_second":	5003111262.5254631,
					"omitted":	false,
					"sender":	false
				}],
			"sum":	{
				"start":	9.000259,
				"end":	10.000188,
				"seconds":	0.99992901086807251,
				"bytes":	625344512,
				"bits_per_second":	5003111262.5254631,
				"omitted":	false,
				"sender":	false
			}
		}],
	"end":	{
		"streams":	[{
				"sender":	{
					"socket":	5,
					"start":	0,
					"end":	10.000269,
					"seconds":	10.000269,
					"bytes":	0,
					"bits_per_second":	0,
					"sender":	false
				},
				"receiver":	{
					"socket":	5,
					"start":	0,
					"end":	10.000269,
					"seconds":	10.000269,
					"bytes":	6249775104,
					"bits_per_second":	4999685591.6575851,
					"sender":	false
				}
			}],
		"sum_sent":	{
			"start":	0,
			"end":	10.000269,
			"seconds":	10.000269,
			"bytes":	0,
			"bits_per_second":	0,
			"sender":	false
		},
		"sum_received":	{
			"start":	0,
			"end":	10.000269,
			"seconds":	10.000269,
			"bytes":	6249775104,
			"bits_per_second":	4999685591.6575851,
			"sender":	false
		},
		"cpu_utilization_percent":	{
			"host_total":	23.060628770130094,
			"host_user":	1.6724929912456272,
			"host_system":	21.388135778884465,
			"remote_total":	0,
			"remote_user":	0,
			"remote_system":	0
		},
		"receiver_tcp_congestion":	"cubic"
	}
}
