{
	"start":	{
		"connected":	[{
				"socket":	5,
				"local_host":	"127.0.0.1",
				"local_port":	40346,
				"remote_host":	"127.0.0.1",
				"remote_port":	4040
			}],
		"version":	"iperf 3.7",
		"system_info":	"Linux amir 5.8.0-53-generic #60~20.04.1-Ubuntu SMP Thu May 6 09:52:46 UTC 2021 x86_64",
		"timestamp":	{
			"time":	"Mon, 31 May 2021 09:06:47 GMT",
			"timesecs":	1622452007
		},
		"connecting_to":	{
			"host":	"127.0.0.1",
			"port":	4040
		},
		"cookie":	"xnkuabwcpgdqsgq57cti45frgx4p7aofcdoy",
		"tcp_mss_default":	32768,
		"target_bitrate":	5000000000,
		"sock_bufsize":	0,
		"sndbuf_actual":	16384,
		"rcvbuf_actual":	131072,
		"test_start":	{
			"protocol":	"TCP",
			"num_streams":	1,
			"blksize":	131072,
			"omit":	0,
			"duration":	10,
			"bytes":	0,
			"blocks":	0,
			"reverse":	0,
			"tos":	0
		}
	},
	"intervals":	[{
			"streams":	[{
					"socket":	5,
					"start":	0,
					"end":	1.00043,
					"seconds":	1.0004299879074097,
					"bytes":	624951296,
					"bits_per_second":	4997461519.9786644,
					"retransmits":	2,
					"snd_cwnd":	2946735,
					"rtt":	119,
					"rttvar":	60,
					"pmtu":	65535,
					"omitted":	false,
					"sender":	true
				}],
			"sum":	{
				"start":	0,
				"end":	1.00043,
				"seconds":	1.0004299879074097,
				"bytes":	624951296,
				"bits_per_second":	4997461519.9786644,
				"retransmits":	2,
				"omitted":	false,
				"sender":	true
			}
		}, {
			"streams":	[{
					"socket":	5,
					"start":	1.00043,
					"end":	2.000217,
					"seconds":	0.99978697299957275,
					"bytes":	607911936,
					"bits_per_second":	4864331721.99582,
					"retransmits":	0,
					"snd_cwnd":	2946735,
					"rtt":	155,
					"rttvar":	75,
					"pmtu":	65535,
					"omitted":	false,
					"sender":	true
				}],
			"sum":	{
				"start":	1.00043,
				"end":	2.000217,
				"seconds":	0.99978697299957275,
				"bytes":	607911936,
				"bits_per_second":	4864331721.99582,
				"retransmits":	0,
				"omitted":	false,
				"sender":	true
			}
		}, {
			"streams":	[{
					"socket":	5,
					"start":	2.000217,
					"end":	3.001361,
					"seconds":	1.0011440515518188,
					"bytes":	31588352,
					"bits_per_second":	252418036.75334528,
					"retransmits":	0,
					"snd_cwnd":	261932,
					"rtt":	599467,
					"rttvar":	187913,
					"pmtu":	65535,
					"omitted":	false,
					"sender":	true
				}],
			"sum":	{
				"start":	2.000217,
				"end":	3.001361,
				"seconds":	1.0011440515518188,
				"bytes":	31588352,
				"bits_per_second":	252418036.75334528,
				"retransmits":	0,
				"omitted":	false,
				"sender":	true
			}
		}, {
			"streams":	[{
					"socket":	5,
					"start":	3.001361,
					"end":	4.000561,
					"seconds":	0.99919998645782471,
					"bytes":	524288,
					"bits_per_second":	4197662.1865947526,
					"retransmits":	0,
					"snd_cwnd":	654830,
					"rtt":	537879,
					"rttvar":	166734,
					"pmtu":	65535,
					"omitted":	false,
					"sender":	true
				}],
			"sum":	{
				"start":	3.001361,
				"end":	4.000561,
				"seconds":	0.99919998645782471,
				"bytes":	524288,
				"bits_per_second":	4197662.1865947526,
				"retransmits":	0,
				"omitted":	false,
				"sender":	true
			}
		}, {
			"streams":	[{
					"socket":	5,
					"start":	4.000561,
					"end":	5.000883,
					"seconds":	1.0003219842910767,
					"bytes":	1441792,
					"bits_per_second":	11530623.3204245,
					"retransmits":	1,
					"snd_cwnd":	327415,
					"rtt":	513669,
					"rttvar":	143008,
					"pmtu":	65535,
					"omitted":	false,
					"sender":	true
				}],
			"sum":	{
				"start":	4.000561,
				"end":	5.000883,
				"seconds":	1.0003219842910767,
				"bytes":	1441792,
				"bits_per_second":	11530623.3204245,
				"retransmits":	1,
				"omitted":	false,
				"sender":	true
			}
		}, {
			"streams":	[{
					"socket":	5,
					"start":	5.000883,
					"end":	6.000519,
					"seconds":	0.99963599443435669,
					"bytes":	655360,
					"bits_per_second":	5244789.1324348319,
					"retransmits":	0,
					"snd_cwnd":	130966,
					"rtt":	578747,
					"rttvar":	159184,
					"pmtu":	65535,
					"omitted":	false,
					"sender":	true
				}],
			"sum":	{
				"start":	5.000883,
				"end":	6.000519,
				"seconds":	0.99963599443435669,
				"bytes":	655360,
				"bits_per_second":	5244789.1324348319,
				"retransmits":	0,
				"omitted":	false,
				"sender":	true
			}
		}, {
			"streams":	[{
					"socket":	5,
					"start":	6.000519,
					"end":	7.000275,
					"seconds":	0.99975597858428955,
					"bytes":	262144,
					"bits_per_second":	2097663.87490844,
					"retransmits":	0,
					"snd_cwnd":	130966,
					"rtt":	501468,
					"rttvar":	139373,
					"pmtu":	65535,
					"omitted":	false,
					"sender":	true
				}],
			"sum":	{
				"start":	6.000519,
				"end":	7.000275,
				"seconds":	0.99975597858428955,
				"bytes":	262144,
				"bits_per_second":	2097663.87490844,
				"retransmits":	0,
				"omitted":	false,
				"sender":	true
			}
		}, {
			"streams":	[{
					"socket":	5,
					"start":	7.000275,
					"end":	8.000658,
					"seconds":	1.0003830194473267,
					"bytes":	393216,
					"bits_per_second":	3144523.5863138642,
					"retransmits":	0,
					"snd_cwnd":	196449,
					"rtt":	529213,
					"rttvar":	87107,
					"pmtu":	65535,
					"omitted":	false,
					"sender":	true
				}],
			"sum":	{
				"start":	7.000275,
				"end":	8.000658,
				"seconds":	1.0003830194473267,
				"bytes":	393216,
				"bits_per_second":	3144523.5863138642,
				"retransmits":	0,
				"omitted":	false,
				"sender":	true
			}
		}, {
			"streams":	[{
					"socket":	5,
					"start":	8.000658,
					"end":	9.00038,
					"seconds":	0.99972200393676758,
					"bytes":	262144,
					"bits_per_second":	2097735.1621167725,
					"retransmits":	0,
					"snd_cwnd":	196449,
					"rtt":	485488,
					"rttvar":	58909,
					"pmtu":	65535,
					"omitted":	false,
					"sender":	true
				}],
			"sum":	{
				"start":	8.000658,
				"end":	9.00038,
				"seconds":	0.99972200393676758,
				"bytes":	262144,
				"bits_per_second":	2097735.1621167725,
				"retransmits":	0,
				"omitted":	false,
				"sender":	true
			}
		}, {
			"streams":	[{
					"socket":	5,
					"start":	9.00038,
					"end":	10.000451,
					"seconds":	1.0000710487365723,
					"bytes":	393216,
					"bits_per_second":	3145504.5158782643,
					"retransmits":	0,
					"snd_cwnd":	196449,
					"rtt":	503956,
					"rttvar":	132219,
					"pmtu":	65535,
					"omitted":	false,
					"sender":	true
				}],
			"sum":	{
				"start":	9.00038,
				"end":	10.000451,
				"seconds":	1.0000710487365723,
				"bytes":	393216,
				"bits_per_second":	3145504.5158782643,
				"retransmits":	0,
				"omitted":	false,
				"sender":	true
			}
		}],
	"end":	{
		"streams":	[{
				"sender":	{
					"socket":	5,
					"start":	0,
					"end":	10.000451,
					"seconds":	10.000451,
					"bytes":	1268383744,
					"bits_per_second":	1014661233.9783475,
					"retransmits":	3,
					"max_snd_cwnd":	2946735,
					"max_rtt":	599467,
					"min_rtt":	119,
					"mean_rtt":	425016,
					"sender":	true
				},
				"receiver":	{
					"socket":	5,
					"start":	0,
					"end":	10.263405,
					"seconds":	10.000451,
					"bytes":	1265628264,
					"bits_per_second":	986517253.4845891,
					"sender":	true
				}
			}],
		"sum_sent":	{
			"start":	0,
			"end":	10.000451,
			"seconds":	10.000451,
			"bytes":	1268383744,
			"bits_per_second":	1014661233.9783475,
			"retransmits":	3,
			"sender":	true
		},
		"sum_received":	{
			"start":	0,
			"end":	10.263405,
			"seconds":	10.263405,
			"bytes":	1265628264,
			"bits_per_second":	986517253.4845891,
			"sender":	true
		},
		"cpu_utilization_percent":	{
			"host_total":	10.630224869680433,
			"host_user":	0.10310888986028656,
			"host_system":	10.527096001348948,
			"remote_total":	6.0245692242336553,
			"remote_user":	0.31521065086095795,
			"remote_system":	5.7093418517657968
		},
		"sender_tcp_congestion":	"cubic",
		"receiver_tcp_congestion":	"cubic"
	}
}
