{
	"start":	{
		"connected":	[{
				"socket":	5,
				"local_host":	"127.0.0.1",
				"local_port":	4040,
				"remote_host":	"127.0.0.1",
				"remote_port":	40346
			}],
		"version":	"iperf 3.7",
		"system_info":	"Linux amir 5.8.0-53-generic #60~20.04.1-Ubuntu SMP Thu May 6 09:52:46 UTC 2021 x86_64",
		"target_bitrate":	5000000000,
		"sock_bufsize":	0,
		"sndbuf_actual":	16384,
		"rcvbuf_actual":	131072,
		"timestamp":	{
			"time":	"Mon, 31 May 2021 09:06:47 GMT",
			"timesecs":	1622452007
		},
		"accepted_connection":	{
			"host":	"127.0.0.1",
			"port":	40344
		},
		"cookie":	"xnkuabwcpgdqsgq57cti45frgx4p7aofcdoy",
		"tcp_mss_default":	0,
		"target_bitrate":	5000000000,
		"test_start":	{
			"protocol":	"TCP",
			"num_streams":	1,
			"blksize":	131072,
			"omit":	0,
			"duration":	10,
			"bytes":	0,
			"blocks":	0,
			"reverse":	0,
			"tos":	0
		}
	},
	"intervals":	[{
			"streams":	[{
					"socket":	5,
					"start":	0,
					"end":	1.000022,
					"seconds":	1.0000220537185669,
					"bytes":	624951296,
					"bits_per_second":	4999500110.4315891,
					"omitted":	false,
					"sender":	false
				}],
			"sum":	{
				"start":	0,
				"end":	1.000022,
				"seconds":	1.0000220537185669,
				"bytes":	624951296,
				"bits_per_second":	4999500110.4315891,
				"omitted":	false,
				"sender":	false
			}
		}, {
			"streams":	[{
					"socket":	5,
					"start":	1.000022,
					"end":	2.000097,
					"seconds":	1.0000749826431274,
					"bytes":	607911830,
					"bits_per_second":	4862930004.6549072,
					"omitted":	false,
					"sender":	false
				}],
			"sum":	{
				"start":	1.000022,
				"end":	2.000097,
				"seconds":	1.0000749826431274,
				"bytes":	607911830,
				"bits_per_second":	4862930004.6549072,
				"omitted":	false,
				"sender":	false
			}
		}, {
			"streams":	[{
					"socket":	5,
					"start":	2.000097,
					"end":	3.00158,
					"seconds":	1.0014829635620117,
					"bytes":	28835840,
					"bits_per_second":	230345126.57060882,
					"omitted":	false,
					"sender":	false
				}],
			"sum":	{
				"start":	2.000097,
				"end":	3.00158,
				"seconds":	1.0014829635620117,
				"bytes":	28835840,
				"bits_per_second":	230345126.57060882,
				"omitted":	false,
				"sender":	false
			}
		}, {
			"streams":	[{
					"socket":	5,
					"start":	3.00158,
					"end":	4.000509,
					"seconds":	0.99892902374267578,
					"bytes":	524182,
					"bits_per_second":	4197951.9068215946,
					"omitted":	false,
					"sender":	false
				}],
			"sum":	{
				"start":	3.00158,
				"end":	4.000509,
				"seconds":	0.99892902374267578,
				"bytes":	524182,
				"bits_per_second":	4197951.9068215946,
				"omitted":	false,
				"sender":	false
			}
		}, {
			"streams":	[{
					"socket":	5,
					"start":	4.000509,
					"end":	5.000831,
					"seconds":	1.0003219842910767,
					"bytes":	1375143,
					"bits_per_second":	10997602.944612337,
					"omitted":	false,
					"sender":	false
				}],
			"sum":	{
				"start":	4.000509,
				"end":	5.000831,
				"seconds":	1.0003219842910767,
				"bytes":	1375143,
				"bits_per_second":	10997602.944612337,
				"omitted":	false,
				"sender":	false
			}
		}, {
			"streams":	[{
					"socket":	5,
					"start":	5.000831,
					"end":	6.000481,
					"seconds":	0.99965000152587891,
					"bytes":	654830,
					"bits_per_second":	5240474.1579589564,
					"omitted":	false,
					"sender":	false
				}],
			"sum":	{
				"start":	5.000831,
				"end":	6.000481,
				"seconds":	0.99965000152587891,
				"bytes":	654830,
				"bits_per_second":	5240474.1579589564,
				"omitted":	false,
				"sender":	false
			}
		}, {
			"streams":	[{
					"socket":	5,
					"start":	6.000481,
					"end":	7.000214,
					"seconds":	0.99973297119140625,
					"bytes":	261932,
					"bits_per_second":	2096015.69657425,
					"omitted":	false,
					"sender":	false
				}],
			"sum":	{
				"start":	6.000481,
				"end":	7.000214,
				"seconds":	0.99973297119140625,
				"bytes":	261932,
				"bits_per_second":	2096015.69657425,
				"omitted":	false,
				"sender":	false
			}
		}, {
			"streams":	[{
					"socket":	5,
					"start":	7.000214,
					"end":	8.000673,
					"seconds":	1.0004589557647705,
					"bytes":	458381,
					"bits_per_second":	3665365.7592547974,
					"omitted":	false,
					"sender":	false
				}],
			"sum":	{
				"start":	7.000214,
				"end":	8.000673,
				"seconds":	1.0004589557647705,
				"bytes":	458381,
				"bits_per_second":	3665365.7592547974,
				"omitted":	false,
				"sender":	false
			}
		}, {
			"streams":	[{
					"socket":	5,
					"start":	8.000673,
					"end":	9.000333,
					"seconds":	0.99966001510620117,
					"bytes":	261932,
					"bits_per_second":	2096168.6656811861,
					"omitted":	false,
					"sender":	false
				}],
			"sum":	{
				"start":	8.000673,
				"end":	9.000333,
				"seconds":	0.99966001510620117,
				"bytes":	261932,
				"bits_per_second":	2096168.6656811861,
				"omitted":	false,
				"sender":	false
			}
		}, {
			"streams":	[{
					"socket":	5,
					"start":	9.000333,
					"end":	10.000391,
					"seconds":	1.0000580549240112,
					"bytes":	327415,
					"bits_per_second":	2619167.9444040149,
					"omitted":	false,
					"sender":	false
				}],
			"sum":	{
				"start":	9.000333,
				"end":	10.000391,
				"seconds":	1.0000580549240112,
				"bytes":	327415,
				"bits_per_second":	2619167.9444040149,
				"omitted":	false,
				"sender":	false
			}
		}, {
			"streams":	[{
					"socket":	5,
					"start":	10.000391,
					"end":	10.263405,
					"seconds":	0.26301398873329163,
					"bytes":	65483,
					"bits_per_second":	1991772.3864156229,
					"omitted":	false,
					"sender":	false
				}],
			"sum":	{
				"start":	10.000391,
				"end":	10.263405,
				"seconds":	0.26301398873329163,
				"bytes":	65483,
				"bits_per_second":	1991772.3864156229,
				"omitted":	false,
				"sender":	false
			}
		}],
	"end":	{
		"streams":	[{
				"sender":	{
					"socket":	5,
					"start":	0,
					"end":	10.263405,
					"seconds":	10.263405,
					"bytes":	0,
					"bits_per_second":	0,
					"sender":	false
				},
				"receiver":	{
					"socket":	5,
					"start":	0,
					"end":	10.263405,
					"seconds":	10.263405,
					"bytes":	1265628264,
					"bits_per_second":	986517253.4845891,
					"sender":	false
				}
			}],
		"sum_sent":	{
			"start":	0,
			"end":	10.263405,
			"seconds":	10.263405,
			"bytes":	0,
			"bits_per_second":	0,
			"sender":	false
		},
		"sum_received":	{
			"start":	0,
			"end":	10.263405,
			"seconds":	10.263405,
			"bytes":	1265628264,
			"bits_per_second":	986517253.4845891,
			"sender":	false
		},
		"cpu_utilization_percent":	{
			"host_total":	6.0245692242336553,
			"host_user":	0.31521065086095795,
			"host_system":	5.7093418517657968,
			"remote_total":	0,
			"remote_user":	0,
			"remote_system":	0
		},
		"receiver_tcp_congestion":	"cubic"
	}
}
