{
	"start":	{
		"connected":	[{
				"socket":	5,
				"local_host":	"127.0.0.1",
				"local_port":	54564,
				"remote_host":	"127.0.0.1",
				"remote_port":	4040
			}],
		"version":	"iperf 3.7",
		"system_info":	"Linux amir 5.8.0-53-generic #60~20.04.1-Ubuntu SMP Thu May 6 09:52:46 UTC 2021 x86_64",
		"timestamp":	{
			"time":	"Mon, 31 May 2021 11:25:05 GMT",
			"timesecs":	1622460305
		},
		"connecting_to":	{
			"host":	"127.0.0.1",
			"port":	4040
		},
		"cookie":	"lsmenrr6ezhxaavwhfsap7oyizxxnd4p7m76",
		"sock_bufsize":	0,
		"sndbuf_actual":	212992,
		"rcvbuf_actual":	212992,
		"test_start":	{
			"protocol":	"UDP",
			"num_streams":	1,
			"blksize":	32768,
			"omit":	0,
			"duration":	10,
			"bytes":	0,
			"blocks":	0,
			"reverse":	0,
			"tos":	0
		}
	},
	"intervals":	[{
			"streams":	[{
					"socket":	5,
					"start":	0,
					"end":	1.006005,
					"seconds":	1.0060050487518311,
					"bytes":	595722240,
					"bits_per_second":	4737330022.2627993,
					"packets":	18180,
					"omitted":	false,
					"sender":	true
				}],
			"sum":	{
				"start":	0,
				"end":	1.006005,
				"seconds":	1.0060050487518311,
				"bytes":	595722240,
				"bits_per_second":	4737330022.2627993,
				"packets":	18180,
				"omitted":	false,
				"sender":	true
			}
		}, {
			"streams":	[{
					"socket":	5,
					"start":	1.006005,
					"end":	2.000913,
					"seconds":	0.99490797519683838,
					"bytes":	543653888,
					"bits_per_second":	4371490843.803441,
					"packets":	16591,
					"omitted":	false,
					"sender":	true
				}],
			"sum":	{
				"start":	1.006005,
				"end":	2.000913,
				"seconds":	0.99490797519683838,
				"bytes":	543653888,
				"bits_per_second":	4371490843.803441,
				"packets":	16591,
				"omitted":	false,
				"sender":	true
			}
		}, {
			"streams":	[{
					"socket":	5,
					"start":	2.000913,
					"end":	3.000022,
					"seconds":	0.99910902976989746,
					"bytes":	735182848,
					"bits_per_second":	5886707665.2830839,
					"packets":	22436,
					"omitted":	false,
					"sender":	true
				}],
			"sum":	{
				"start":	2.000913,
				"end":	3.000022,
				"seconds":	0.99910902976989746,
				"bytes":	735182848,
				"bits_per_second":	5886707665.2830839,
				"packets":	22436,
				"omitted":	false,
				"sender":	true
			}
		}, {
			"streams":	[{
					"socket":	5,
					"start":	3.000022,
					"end":	4.000061,
					"seconds":	1.0000389814376831,
					"bytes":	621215744,
					"bits_per_second":	4969532232.488965,
					"packets":	18958,
					"omitted":	false,
					"sender":	true
				}],
			"sum":	{
				"start":	3.000022,
				"end":	4.000061,
				"seconds":	1.0000389814376831,
				"bytes":	621215744,
				"bits_per_second":	4969532232.488965,
				"packets":	18958,
				"omitted":	false,
				"sender":	true
			}
		}, {
			"streams":	[{
					"socket":	5,
					"start":	4.000061,
					"end":	5.000009,
					"seconds":	0.99994802474975586,
					"bytes":	629112832,
					"bits_per_second":	5033164255.9717236,
					"packets":	19199,
					"omitted":	false,
					"sender":	true
				}],
			"sum":	{
				"start":	4.000061,
				"end":	5.000009,
				"seconds":	0.99994802474975586,
				"bytes":	629112832,
				"bits_per_second":	5033164255.9717236,
				"packets":	19199,
				"omitted":	false,
				"sender":	true
			}
		}, {
			"streams":	[{
					"socket":	5,
					"start":	5.000009,
					"end":	6.00002,
					"seconds":	1.0000109672546387,
					"bytes":	625082368,
					"bits_per_second":	5000604101.1014757,
					"packets":	19076,
					"omitted":	false,
					"sender":	true
				}],
			"sum":	{
				"start":	5.000009,
				"end":	6.00002,
				"seconds":	1.0000109672546387,
				"bytes":	625082368,
				"bits_per_second":	5000604101.1014757,
				"packets":	19076,
				"omitted":	false,
				"sender":	true
			}
		}, {
			"streams":	[{
					"socket":	5,
					"start":	6.00002,
					"end":	7.000013,
					"seconds":	0.99999302625656128,
					"bytes":	624590848,
					"bits_per_second":	4996761630.1336327,
					"packets":	19061,
					"omitted":	false,
					"sender":	true
				}],
			"sum":	{
				"start":	6.00002,
				"end":	7.000013,
				"seconds":	0.99999302625656128,
				"bytes":	624590848,
				"bits_per_second":	4996761630.1336327,
				"packets":	19061,
				"omitted":	false,
				"sender":	true
			}
		}, {
			"streams":	[{
					"socket":	5,
					"start":	7.000013,
					"end":	8.000025,
					"seconds":	1.0000120401382446,
					"bytes":	625377280,
					"bits_per_second":	5002958003.6940031,
					"packets":	19085,
					"omitted":	false,
					"sender":	true
				}],
			"sum":	{
				"start":	7.000013,
				"end":	8.000025,
				"seconds":	1.0000120401382446,
				"bytes":	625377280,
				"bits_per_second":	5002958003.6940031,
				"packets":	19085,
				"omitted":	false,
				"sender":	true
			}
		}, {
			"streams":	[{
					"socket":	5,
					"start":	8.000025,
					"end":	9.000025,
					"seconds":	1,
					"bytes":	624885760,
					"bits_per_second":	4999086080,
					"packets":	19070,
					"omitted":	false,
					"sender":	true
				}],
			"sum":	{
				"start":	8.000025,
				"end":	9.000025,
				"seconds":	1,
				"bytes":	624885760,
				"bits_per_second":	4999086080,
				"packets":	19070,
				"omitted":	false,
				"sender":	true
			}
		}, {
			"streams":	[{
					"socket":	5,
					"start":	9.000025,
					"end":	10.000028,
					"seconds":	1.0000029802322388,
					"bytes":	624984064,
					"bits_per_second":	4999857611.2631578,
					"packets":	19073,
					"omitted":	false,
					"sender":	true
				}],
			"sum":	{
				"start":	9.000025,
				"end":	10.000028,
				"seconds":	1.0000029802322388,
				"bytes":	624984064,
				"bits_per_second":	4999857611.2631578,
				"packets":	19073,
				"omitted":	false,
				"sender":	true
			}
		}],
	"end":	{
		"streams":	[{
				"udp":	{
					"socket":	5,
					"start":	0,
					"end":	10.000028,
					"seconds":	10.000028,
					"bytes":	6249807872,
					"bits_per_second":	4999832298.0695648,
					"jitter_ms":	0.020341601149141762,
					"lost_packets":	31849,
					"packets":	190729,
					"lost_percent":	16.698561833806082,
					"out_of_order":	0,
					"sender":	true
				}
			}],
		"sum":	{
			"start":	0,
			"end":	10.205461,
			"seconds":	10.205461,
			"bytes":	6249807872,
			"bits_per_second":	4999832298.0695648,
			"jitter_ms":	0.020341601149141762,
			"lost_packets":	31849,
			"packets":	190729,
			"lost_percent":	16.698561833806082,
			"sender":	true
		},
		"cpu_utilization_percent":	{
			"host_total":	53.183983628944006,
			"host_user":	1.4417754838009391,
			"host_system":	51.742208145143074,
			"remote_total":	23.296044039557462,
			"remote_user":	3.2359874023041968,
			"remote_system":	20.060056637253265
		}
	}
}
