{
	"start":	{
		"connected":	[{
				"socket":	5,
				"local_host":	"127.0.0.1",
				"local_port":	4040,
				"remote_host":	"127.0.0.1",
				"remote_port":	54564
			}],
		"version":	"iperf 3.7",
		"system_info":	"Linux amir 5.8.0-53-generic #60~20.04.1-Ubuntu SMP Thu May 6 09:52:46 UTC 2021 x86_64",
		"target_bitrate":	5000000000,
		"timestamp":	{
			"time":	"Mon, 31 May 2021 11:25:05 GMT",
			"timesecs":	1622460305
		},
		"accepted_connection":	{
			"host":	"127.0.0.1",
			"port":	41140
		},
		"cookie":	"lsmenrr6ezhxaavwhfsap7oyizxxnd4p7m76",
		"sock_bufsize":	0,
		"sndbuf_actual":	212992,
		"rcvbuf_actual":	212992,
		"test_start":	{
			"protocol":	"UDP",
			"num_streams":	1,
			"blksize":	32768,
			"omit":	0,
			"duration":	10,
			"bytes":	0,
			"blocks":	0,
			"reverse":	0,
			"tos":	0
		}
	},
	"intervals":	[{
			"streams":	[{
					"socket":	5,
					"start":	0,
					"end":	1.000332,
					"seconds":	1.0003319978713989,
					"bytes":	424181760,
					"bits_per_second":	3392327834.3798985,
					"jitter_ms":	0.031398424125071912,
					"lost_packets":	5235,
					"packets":	18180,
					"lost_percent":	28.795379537953796,
					"omitted":	false,
					"sender":	false
				}],
			"sum":	{
				"start":	0,
				"end":	1.000332,
				"seconds":	1.0003319978713989,
				"bytes":	424181760,
				"bits_per_second":	3392327834.3798985,
				"jitter_ms":	0.031398424125071912,
				"lost_packets":	5235,
				"packets":	18180,
				"lost_percent":	28.795379537953796,
				"omitted":	false,
				"sender":	false
			}
		}, {
			"streams":	[{
					"socket":	5,
					"start":	1.000332,
					"end":	2.00104,
					"seconds":	1.0007079839706421,
					"bytes":	537427968,
					"bits_per_second":	4296381974.4303474,
					"jitter_ms":	0.015411343182656452,
					"lost_packets":	190,
					"packets":	16591,
					"lost_percent":	1.1451992043879211,
					"omitted":	false,
					"sender":	false
				}],
			"sum":	{
				"start":	1.000332,
				"end":	2.00104,
				"seconds":	1.0007079839706421,
				"bytes":	537427968,
				"bits_per_second":	4296381974.4303474,
				"jitter_ms":	0.015411343182656452,
				"lost_packets":	190,
				"packets":	16591,
				"lost_percent":	1.1451992043879211,
				"omitted":	false,
				"sender":	false
			}
		}, {
			"streams":	[{
					"socket":	5,
					"start":	2.00104,
					"end":	3.000043,
					"seconds":	0.999002993106842,
					"bytes":	722829312,
					"bits_per_second":	5788405576.2599249,
					"jitter_ms":	0.020918312514122458,
					"lost_packets":	371,
					"packets":	22430,
					"lost_percent":	1.6540347748551048,
					"omitted":	false,
					"sender":	false
				}],
			"sum":	{
				"start":	2.00104,
				"end":	3.000043,
				"seconds":	0.999002993106842,
				"bytes":	722829312,
				"bits_per_second":	5788405576.2599249,
				"jitter_ms":	0.020918312514122458,
				"lost_packets":	371,
				"packets":	22430,
				"lost_percent":	1.6540347748551048,
				"omitted":	false,
				"sender":	false
			}
		}, {
			"streams":	[{
					"socket":	5,
					"start":	3.000043,
					"end":	4.000007,
					"seconds":	0.99996399879455566,
					"bytes":	530546688,
					"bits_per_second":	4244526312.0637746,
					"jitter_ms":	0.0045742446860344062,
					"lost_packets":	2771,
					"packets":	18962,
					"lost_percent":	14.613437401118025,
					"omitted":	false,
					"sender":	false
				}],
			"sum":	{
				"start":	3.000043,
				"end":	4.000007,
				"seconds":	0.99996399879455566,
				"bytes":	530546688,
				"bits_per_second":	4244526312.0637746,
				"jitter_ms":	0.0045742446860344062,
				"lost_packets":	2771,
				"packets":	18962,
				"lost_percent":	14.613437401118025,
				"omitted":	false,
				"sender":	false
			}
		}, {
			"streams":	[{
					"socket":	5,
					"start":	4.000007,
					"end":	5.00001,
					"seconds":	1.0000029802322388,
					"bytes":	501055488,
					"bits_per_second":	4008431957.9418521,
					"jitter_ms":	0.0021022469510565888,
					"lost_packets":	3906,
					"packets":	19197,
					"lost_percent":	20.346929207688703,
					"omitted":	false,
					"sender":	false
				}],
			"sum":	{
				"start":	4.000007,
				"end":	5.00001,
				"seconds":	1.0000029802322388,
				"bytes":	501055488,
				"bits_per_second":	4008431957.9418521,
				"jitter_ms":	0.0021022469510565888,
				"lost_packets":	3906,
				"packets":	19197,
				"lost_percent":	20.346929207688703,
				"omitted":	false,
				"sender":	false
			}
		}, {
			"streams":	[{
					"socket":	5,
					"start":	5.00001,
					"end":	6.000009,
					"seconds":	0.99999898672103882,
					"bytes":	497713152,
					"bits_per_second":	3981709250.5822129,
					"jitter_ms":	0.018183512666968521,
					"lost_packets":	3883,
					"packets":	19072,
					"lost_percent":	20.359689597315437,
					"omitted":	false,
					"sender":	false
				}],
			"sum":	{
				"start":	5.00001,
				"end":	6.000009,
				"seconds":	0.99999898672103882,
				"bytes":	497713152,
				"bits_per_second":	3981709250.5822129,
				"jitter_ms":	0.018183512666968521,
				"lost_packets":	3883,
				"packets":	19072,
				"lost_percent":	20.359689597315437,
				"omitted":	false,
				"sender":	false
			}
		}, {
			"streams":	[{
					"socket":	5,
					"start":	6.000009,
					"end":	7.000021,
					"seconds":	1.0000120401382446,
					"bytes":	494600192,
					"bits_per_second":	3956753896.1360908,
					"jitter_ms":	0.027411940582282409,
					"lost_packets":	3968,
					"packets":	19062,
					"lost_percent":	20.816283705802121,
					"omitted":	false,
					"sender":	false
				}],
			"sum":	{
				"start":	6.000009,
				"end":	7.000021,
				"seconds":	1.0000120401382446,
				"bytes":	494600192,
				"bits_per_second":	3956753896.1360908,
				"jitter_ms":	0.027411940582282409,
				"lost_packets":	3968,
				"packets":	19062,
				"lost_percent":	20.816283705802121,
				"omitted":	false,
				"sender":	false
			}
		}, {
			"streams":	[{
					"socket":	5,
					"start":	7.000021,
					"end":	8.000013,
					"seconds":	0.9999920129776001,
					"bytes":	500301824,
					"bits_per_second":	4002446559.6303263,
					"jitter_ms":	0.023318386604818504,
					"lost_packets":	3815,
					"packets":	19083,
					"lost_percent":	19.991615574071162,
					"omitted":	false,
					"sender":	false
				}],
			"sum":	{
				"start":	7.000021,
				"end":	8.000013,
				"seconds":	0.9999920129776001,
				"bytes":	500301824,
				"bits_per_second":	4002446559.6303263,
				"jitter_ms":	0.023318386604818504,
				"lost_packets":	3815,
				"packets":	19083,
				"lost_percent":	19.991615574071162,
				"omitted":	false,
				"sender":	false
			}
		}, {
			"streams":	[{
					"socket":	5,
					"start":	8.000013,
					"end":	9.000038,
					"seconds":	1.0000250339508057,
					"bytes":	497385472,
					"bits_per_second":	3978984166.3061242,
					"jitter_ms":	0.0049330624334649534,
					"lost_packets":	3897,
					"packets":	19076,
					"lost_percent":	20.428811071503461,
					"omitted":	false,
					"sender":	false
				}],
			"sum":	{
				"start":	8.000013,
				"end":	9.000038,
				"seconds":	1.0000250339508057,
				"bytes":	497385472,
				"bits_per_second":	3978984166.3061242,
				"jitter_ms":	0.0049330624334649534,
				"lost_packets":	3897,
				"packets":	19076,
				"lost_percent":	20.428811071503461,
				"omitted":	false,
				"sender":	false
			}
		}, {
			"streams":	[{
					"socket":	5,
					"start":	9.000038,
					"end":	10.000029,
					"seconds":	0.99999099969863892,
					"bytes":	499810304,
					"bits_per_second":	3998518419.8707767,
					"jitter_ms":	0.023255516404380325,
					"lost_packets":	3813,
					"packets":	19066,
					"lost_percent":	19.998951012273157,
					"omitted":	false,
					"sender":	false
				}],
			"sum":	{
				"start":	9.000038,
				"end":	10.000029,
				"seconds":	0.99999099969863892,
				"bytes":	499810304,
				"bits_per_second":	3998518419.8707767,
				"jitter_ms":	0.023255516404380325,
				"lost_packets":	3813,
				"packets":	19066,
				"lost_percent":	19.998951012273157,
				"omitted":	false,
				"sender":	false
			}
		}, {
			"streams":	[{
					"socket":	5,
					"start":	10.000029,
					"end":	10.205461,